age,occupation_0,occupation_1,occupation_2,department_0,department_1,department_2,department_3
0.5333333333333333,0,1,0,0,0,0,1
0.2833333333333333,0,0,1,0,1,0,0
0.36666666666666664,0,0,1,0,0,0,1
0.36666666666666664,0,0,1,0,0,1,0
0.31666666666666665,0,0,1,1,0,0,0
0.3,0,0,1,0,0,0,1
0.2833333333333333,0,0,1,0,1,0,0
0.2833333333333333,0,0,1,1,0,0,0
0.2833333333333333,0,0,1,0,1,0,0
0.4,0,0,1,0,1,0,0
0.35,0,0,1,0,1,0,0
0.3333333333333333,0,0,1,0,0,0,1
0.36666666666666664,0,0,1,1,0,0,0
0.4166666666666667,0,0,1,0,1,0,0
0.4,0,0,1,0,0,1,0
0.4166666666666667,0,0,1,1,0,0,0
0.31666666666666665,0,0,1,0,0,1,0
0.75,0,1,0,0,0,1,0
0.36666666666666664,0,0,1,0,0,1,0
0.4,0,0,1,0,1,0,0
0.2833333333333333,0,0,1,1,0,0,0
0.8333333333333334,0,1,0,0,1,0,0
0.3333333333333333,0,0,1,0,1,0,0
0.2833333333333333,0,0,1,0,0,1,0
0.3333333333333333,0,0,1,0,0,1,0
0.31666666666666665,0,0,1,0,0,0,1
0.4,0,0,1,1,0,0,0
0.3333333333333333,0,0,1,1,0,0,0
0.35,0,0,1,0,0,0,1
0.2833333333333333,0,0,1,1,0,0,0
0.6833333333333333,0,1,0,0,0,1,0
0.9666666666666667,0,1,0,1,0,0,0
0.3,0,0,1,0,0,1,0
0.2833333333333333,0,0,1,0,0,0,1
0.4,0,0,1,1,0,0,0
0.38333333333333336,0,0,1,0,1,0,0
0.31666666666666665,0,0,1,0,0,0,1
0.31666666666666665,0,0,1,0,1,0,0
0.3,0,0,1,0,0,0,1
0.4166666666666667,0,0,1,0,1,0,0
0.35,0,0,1,0,0,0,1
0.31666666666666665,0,0,1,0,0,1,0
0.3,0,0,1,0,0,1,0
0.38333333333333336,0,0,1,0,1,0,0
0.4,0,0,1,0,0,1,0
0.4,0,0,1,0,1,0,0
0.2833333333333333,0,0,1,1,0,0,0
0.4166666666666667,0,0,1,0,0,1,0
0.4166666666666667,0,0,1,1,0,0,0
0.3333333333333333,0,0,1,0,0,0,1
0.35,0,0,1,0,0,0,1
0.36666666666666664,0,0,1,0,1,0,0
0.7666666666666667,0,1,0,1,0,0,0
0.3333333333333333,0,0,1,0,0,0,1
0.2833333333333333,0,0,1,1,0,0,0
0.3,0,0,1,0,0,1,0
0.7833333333333333,0,1,0,0,0,1,0
0.4166666666666667,0,0,1,1,0,0,0
0.4,0,0,1,0,0,1,0
0.35,0,0,1,0,0,1,0
0.4,0,0,1,0,1,0,0
0.4166666666666667,0,0,1,0,0,0,1
0.2833333333333333,0,0,1,0,0,0,1
0.4,0,0,1,0,1,0,0
0.2833333333333333,0,0,1,0,1,0,0
0.38333333333333336,0,0,1,0,1,0,0
0.4,0,0,1,0,1,0,0
0.31666666666666665,0,0,1,0,1,0,0
0.38333333333333336,0,0,1,0,1,0,0
0.31666666666666665,0,0,1,0,0,0,1
0.3,0,0,1,0,0,0,1
0.35,0,0,1,0,0,1,0
0.2833333333333333,0,0,1,0,0,0,1
0.7,0,1,0,0,1,0,0
0.36666666666666664,0,0,1,1,0,0,0
0.4,0,0,1,0,0,1,0
0.4,0,0,1,0,0,1,0
0.35,0,0,1,0,1,0,0
0.55,0,1,0,1,0,0,0
0.31666666666666665,0,0,1,0,1,0,0
0.7833333333333333,0,1,0,1,0,0,0
0.3333333333333333,0,0,1,0,0,1,0
0.7666666666666667,0,1,0,0,0,0,1
0.35,0,0,1,0,0,1,0
0.2833333333333333,0,0,1,0,1,0,0
0.3,0,0,1,0,0,0,1
0.38333333333333336,0,0,1,0,1,0,0
0.5,0,1,0,0,1,0,0
0.2833333333333333,0,0,1,0,1,0,0
0.4166666666666667,0,0,1,0,0,0,1
0.4,0,0,1,1,0,0,0
0.3,0,0,1,0,1,0,0
0.35,0,0,1,0,0,0,1
0.3,0,0,1,0,0,1,0
0.4,0,0,1,1,0,0,0
0.38333333333333336,0,0,1,0,0,1,0
0.31666666666666665,0,0,1,1,0,0,0
0.3333333333333333,0,0,1,0,0,0,1
0.3333333333333333,0,0,1,1,0,0,0
0.2833333333333333,0,0,1,0,1,0,0
0.2833333333333333,0,0,1,1,0,0,0
0.38333333333333336,0,0,1,0,0,1,0
0.35,0,0,1,1,0,0,0
0.36666666666666664,0,0,1,1,0,0,0
0.6833333333333333,0,1,0,0,0,0,1
0.38333333333333336,0,0,1,1,0,0,0
0.38333333333333336,0,0,1,0,1,0,0
0.3,0,0,1,0,0,0,1
0.2833333333333333,0,0,1,0,1,0,0
0.3,0,0,1,1,0,0,0
0.36666666666666664,0,0,1,0,0,1,0
0.7666666666666667,0,1,0,0,1,0,0
0.38333333333333336,0,0,1,0,0,0,1
0.3,0,0,1,0,0,1,0
0.3,0,0,1,0,0,0,1
0.38333333333333336,0,0,1,1,0,0,0
0.4,0,0,1,1,0,0,0
0.31666666666666665,0,0,1,0,0,0,1
0.5166666666666667,0,1,0,1,0,0,0
0.38333333333333336,0,0,1,0,0,0,1
0.2833333333333333,0,0,1,1,0,0,0
0.3,0,0,1,1,0,0,0
0.7333333333333333,0,1,0,0,0,0,1
0.3333333333333333,0,0,1,1,0,0,0
0.31666666666666665,0,0,1,1,0,0,0
0.6666666666666666,0,1,0,0,0,1,0
0.3333333333333333,0,0,1,0,0,0,1
0.5333333333333333,0,1,0,1,0,0,0
0.3333333333333333,0,0,1,1,0,0,0
0.4166666666666667,0,0,1,0,1,0,0
0.4166666666666667,0,0,1,0,1,0,0
0.38333333333333336,0,0,1,0,0,0,1
0.36666666666666664,0,0,1,0,1,0,0
0.36666666666666664,0,0,1,0,0,1,0
0.65,0,1,0,1,0,0,0
0.36666666666666664,0,0,1,0,1,0,0
0.4166666666666667,0,0,1,1,0,0,0
0.3,0,0,1,1,0,0,0
0.38333333333333336,0,0,1,0,0,0,1
0.4166666666666667,0,0,1,0,0,0,1
0.2833333333333333,0,0,1,0,1,0,0
0.9833333333333333,0,1,0,0,0,0,1
0.3333333333333333,0,0,1,0,1,0,0
0.3,0,0,1,0,1,0,0
0.3,0,0,1,0,1,0,0
0.36666666666666664,0,0,1,1,0,0,0
0.35,0,0,1,0,0,1,0
0.3,0,0,1,0,0,1,0
0.36666666666666664,0,0,1,0,1,0,0
0.35,0,0,1,0,1,0,0
0.3,0,0,1,0,0,0,1
0.4,0,0,1,0,0,0,1
0.36666666666666664,0,0,1,0,0,0,1
0.31666666666666665,0,0,1,0,1,0,0
0.3333333333333333,0,0,1,0,0,0,1
0.31666666666666665,0,0,1,0,0,0,1
0.7833333333333333,0,1,0,0,1,0,0
0.38333333333333336,0,0,1,0,0,0,1
0.5,0,1,0,1,0,0,0
0.35,0,0,1,0,0,1,0
0.4166666666666667,0,0,1,0,0,1,0
0.35,0,0,1,0,0,1,0
0.36666666666666664,0,0,1,0,0,0,1
0.35,0,0,1,0,1,0,0
0.38333333333333336,0,0,1,1,0,0,0
0.5333333333333333,0,1,0,0,0,0,1
0.31666666666666665,0,0,1,1,0,0,0
0.6166666666666667,0,1,0,0,0,0,1
0.8,0,1,0,0,0,0,1
0.38333333333333336,0,0,1,0,0,1,0
0.3,0,0,1,0,0,0,1
0.3,0,0,1,0,1,0,0
0.35,0,0,1,0,0,1,0
0.2833333333333333,0,0,1,1,0,0,0
0.3,0,0,1,0,0,0,1
0.7166666666666667,0,1,0,0,0,0,1
0.38333333333333336,0,0,1,0,1,0,0
0.38333333333333336,0,0,1,0,0,0,1
0.3,0,0,1,1,0,0,0
0.31666666666666665,0,0,1,0,0,0,1
0.35,0,0,1,0,1,0,0
0.35,0,0,1,0,1,0,0
0.4166666666666667,0,0,1,0,0,1,0
0.4166666666666667,0,0,1,1,0,0,0
0.2833333333333333,0,0,1,0,0,0,1
0.31666666666666665,0,0,1,0,0,1,0
0.3,0,0,1,0,1,0,0
0.4166666666666667,0,0,1,0,1,0,0
0.4,0,0,1,0,1,0,0
0.4166666666666667,0,0,1,0,0,0,1
0.36666666666666664,0,0,1,1,0,0,0
0.5166666666666667,0,1,0,0,0,1,0
0.36666666666666664,0,0,1,0,0,0,1
0.3,0,0,1,0,0,0,1
0.3333333333333333,0,0,1,0,0,1,0
0.4166666666666667,0,0,1,0,0,1,0
0.9833333333333333,0,1,0,0,1,0,0
0.3333333333333333,0,0,1,0,0,0,1
0.4,0,0,1,0,1,0,0
0.38333333333333336,0,0,1,0,0,0,1
0.35,0,0,1,0,1,0,0
0.3333333333333333,0,0,1,1,0,0,0
0.2833333333333333,0,0,1,0,0,1,0
0.31666666666666665,0,0,1,0,1,0,0
0.5666666666666667,0,1,0,0,0,0,1
0.38333333333333336,0,0,1,0,0,1,0
0.4166666666666667,0,0,1,0,0,0,1
0.31666666666666665,0,0,1,0,0,0,1
0.2833333333333333,0,0,1,0,1,0,0
0.4166666666666667,0,0,1,0,0,1,0
0.38333333333333336,0,0,1,0,0,1,0
0.38333333333333336,0,0,1,0,1,0,0
0.38333333333333336,0,0,1,0,0,1,0
0.4,0,0,1,0,1,0,0
0.36666666666666664,0,0,1,0,1,0,0
0.4166666666666667,0,0,1,0,0,1,0
0.4,0,0,1,0,0,1,0
0.36666666666666664,0,0,1,0,0,1,0
0.5666666666666667,0,1,0,0,0,1,0
0.4,0,0,1,0,1,0,0
0.36666666666666664,0,0,1,0,0,0,1
0.35,0,0,1,0,0,0,1
0.35,0,0,1,0,0,1,0
0.2833333333333333,0,0,1,1,0,0,0
0.4166666666666667,0,0,1,1,0,0,0
0.38333333333333336,0,0,1,0,1,0,0
0.3333333333333333,0,0,1,1,0,0,0
0.38333333333333336,0,0,1,0,0,1,0
0.3,0,0,1,0,1,0,0
0.3,0,0,1,1,0,0,0
0.55,0,1,0,0,1,0,0
0.3,0,0,1,0,1,0,0
0.4,0,0,1,0,0,0,1
0.4,0,0,1,0,0,1,0
0.3,0,0,1,0,0,0,1
0.38333333333333336,0,0,1,0,1,0,0
0.36666666666666664,0,0,1,0,1,0,0
0.8166666666666667,0,1,0,1,0,0,0
0.7,0,1,0,0,0,1,0
0.6,0,1,0,0,0,0,1
0.35,0,0,1,1,0,0,0
0.36666666666666664,0,0,1,1,0,0,0
0.2833333333333333,0,0,1,0,0,1,0
0.3333333333333333,0,0,1,0,1,0,0
0.4166666666666667,0,0,1,1,0,0,0
0.31666666666666665,0,0,1,1,0,0,0
0.36666666666666664,0,0,1,0,1,0,0
0.35,0,0,1,0,1,0,0
0.3,0,0,1,0,0,1,0
0.3,0,0,1,0,0,0,1
0.36666666666666664,0,0,1,0,1,0,0
0.4166666666666667,0,0,1,1,0,0,0
0.31666666666666665,0,0,1,0,0,1,0
0.4,0,0,1,0,0,1,0
0.3333333333333333,0,0,1,0,0,0,1
0.4166666666666667,0,0,1,1,0,0,0
0.3,0,0,1,0,0,1,0
0.36666666666666664,0,0,1,0,1,0,0
0.31666666666666665,0,0,1,0,0,0,1
0.31666666666666665,0,0,1,1,0,0,0
0.35,0,0,1,0,1,0,0
0.35,0,0,1,0,0,1,0
0.3333333333333333,0,0,1,0,1,0,0
0.2833333333333333,0,0,1,0,0,0,1
0.3333333333333333,0,0,1,0,0,1,0
0.5833333333333334,0,1,0,0,0,0,1
0.31666666666666665,0,0,1,0,1,0,0
0.2833333333333333,0,0,1,0,1,0,0
0.9833333333333333,0,1,0,0,1,0,0
0.4166666666666667,0,0,1,0,0,1,0
0.3333333333333333,0,0,1,0,0,1,0
0.31666666666666665,0,0,1,1,0,0,0
0.4,0,0,1,0,0,0,1
0.38333333333333336,0,0,1,0,0,0,1
0.35,0,0,1,0,1,0,0
0.31666666666666665,0,0,1,0,0,0,1
0.3333333333333333,0,0,1,0,1,0,0
0.4,0,0,1,0,0,1,0
0.3333333333333333,0,0,1,1,0,0,0
0.4,0,0,1,0,0,0,1
0.35,0,0,1,0,0,1,0
0.4,0,0,1,0,0,1,0
0.38333333333333336,0,0,1,1,0,0,0
0.3333333333333333,0,0,1,0,0,0,1
0.3,0,0,1,0,0,0,1
0.35,0,0,1,0,1,0,0
0.3333333333333333,0,0,1,0,0,0,1
0.8666666666666667,0,1,0,0,0,0,1
0.35,0,0,1,0,0,0,1
0.7333333333333333,0,1,0,0,1,0,0
0.7833333333333333,0,1,0,0,1,0,0
0.2833333333333333,0,0,1,1,0,0,0
0.4,0,0,1,0,0,0,1
0.35,0,0,1,1,0,0,0
0.36666666666666664,0,0,1,0,1,0,0
0.36666666666666664,0,0,1,0,0,0,1
0.35,0,0,1,0,0,1,0
0.5,0,1,0,0,0,1,0
0.4,0,0,1,0,1,0,0
0.3333333333333333,0,0,1,1,0,0,0
0.3333333333333333,0,0,1,0,0,1,0
0.4166666666666667,0,0,1,1,0,0,0
0.36666666666666664,0,0,1,0,1,0,0
0.36666666666666664,0,0,1,0,0,0,1
0.38333333333333336,0,0,1,0,0,1,0
0.2833333333333333,0,0,1,0,0,1,0
0.4,0,0,1,1,0,0,0
0.31666666666666665,0,0,1,0,0,0,1
0.36666666666666664,0,0,1,0,0,0,1
0.7333333333333333,0,1,0,0,1,0,0
0.2833333333333333,0,0,1,1,0,0,0
0.35,0,0,1,1,0,0,0
0.31666666666666665,0,0,1,1,0,0,0
0.35,0,0,1,0,0,0,1
0.2833333333333333,0,0,1,0,1,0,0
0.36666666666666664,0,0,1,0,0,0,1
0.8833333333333333,0,1,0,0,0,0,1
0.35,0,0,1,0,0,0,1
0.31666666666666665,0,0,1,0,0,0,1
0.4,0,0,1,0,0,1,0
0.2833333333333333,0,0,1,1,0,0,0
0.38333333333333336,0,0,1,1,0,0,0
0.2833333333333333,0,0,1,0,0,0,1
0.36666666666666664,0,0,1,0,0,0,1
0.3333333333333333,0,0,1,1,0,0,0
0.3,0,0,1,1,0,0,0
0.4,0,0,1,0,0,1,0
0.3333333333333333,0,0,1,0,1,0,0
0.3333333333333333,0,0,1,0,0,1,0
0.3333333333333333,0,0,1,1,0,0,0
0.3333333333333333,0,0,1,0,0,1,0
0.4,0,0,1,0,1,0,0
0.38333333333333336,0,0,1,0,1,0,0
0.3,0,0,1,0,0,0,1
0.36666666666666664,0,0,1,1,0,0,0
0.2833333333333333,0,0,1,0,0,1,0
0.8166666666666667,0,1,0,0,0,0,1
0.38333333333333336,0,0,1,0,0,0,1
0.36666666666666664,0,0,1,0,0,1,0
0.3333333333333333,0,0,1,0,0,0,1
0.35,0,0,1,0,0,1,0
0.35,0,0,1,1,0,0,0
0.4,0,0,1,0,0,1,0
0.35,0,0,1,0,0,0,1
0.4166666666666667,0,0,1,0,0,1,0
0.4,0,0,1,0,0,1,0
0.31666666666666665,0,0,1,0,0,1,0
0.36666666666666664,0,0,1,0,1,0,0
0.3333333333333333,0,0,1,1,0,0,0
0.8333333333333334,0,1,0,1,0,0,0
0.31666666666666665,0,0,1,0,1,0,0
0.4166666666666667,0,0,1,0,1,0,0
0.2833333333333333,0,0,1,1,0,0,0
0.3333333333333333,0,0,1,0,0,0,1
0.3333333333333333,0,0,1,1,0,0,0
0.36666666666666664,0,0,1,1,0,0,0
0.4166666666666667,0,0,1,0,0,0,1
0.65,0,1,0,0,0,1,0
0.31666666666666665,0,0,1,0,0,0,1
0.36666666666666664,0,0,1,1,0,0,0
0.2833333333333333,0,0,1,1,0,0,0
0.36666666666666664,0,0,1,0,0,0,1
0.3,0,0,1,1,0,0,0
0.9833333333333333,0,1,0,0,0,1,0
0.31666666666666665,0,0,1,0,0,1,0
0.6666666666666666,0,1,0,0,0,1,0
0.3333333333333333,0,0,1,1,0,0,0
0.2833333333333333,0,0,1,1,0,0,0
0.4,0,0,1,0,1,0,0
0.31666666666666665,0,0,1,0,0,1,0
0.4,0,0,1,0,0,1,0
0.3333333333333333,0,0,1,1,0,0,0
0.3,0,0,1,0,0,1,0
0.3,0,0,1,1,0,0,0
0.4166666666666667,0,0,1,1,0,0,0
0.3333333333333333,0,0,1,1,0,0,0
0.35,0,0,1,0,0,0,1
0.3333333333333333,0,0,1,1,0,0,0
0.36666666666666664,0,0,1,0,0,0,1
0.3,0,0,1,1,0,0,0
0.2833333333333333,0,0,1,0,0,0,1
0.35,0,0,1,1,0,0,0
0.4166666666666667,0,0,1,0,0,1,0
0.3333333333333333,0,0,1,0,1,0,0
0.4,0,0,1,0,0,0,1
0.38333333333333336,0,0,1,0,1,0,0
0.9,0,1,0,1,0,0,0
0.4,0,0,1,0,1,0,0
0.4166666666666667,0,0,1,0,0,1,0
0.7833333333333333,0,1,0,0,0,1,0
0.36666666666666664,0,0,1,0,0,1,0
0.31666666666666665,0,0,1,0,0,1,0
0.35,0,0,1,0,0,0,1
1.0,0,1,0,0,0,0,1
0.5333333333333333,0,1,0,0,1,0,0
0.35,0,0,1,0,1,0,0
0.4,0,0,1,0,1,0,0
0.31666666666666665,0,0,1,0,0,0,1
0.4166666666666667,0,0,1,0,0,0,1
0.4166666666666667,0,0,1,0,0,1,0
0.4,0,0,1,0,0,1,0
0.35,0,0,1,1,0,0,0
0.4,0,0,1,0,1,0,0
0.9666666666666667,0,1,0,0,0,0,1
0.3333333333333333,0,0,1,0,0,1,0
0.4166666666666667,0,0,1,0,0,0,1
0.35,0,0,1,0,0,1,0
0.4166666666666667,0,0,1,0,0,1,0
0.3,0,0,1,0,1,0,0
0.4,0,0,1,0,0,0,1
0.4,0,0,1,0,0,1,0
0.35,0,0,1,1,0,0,0
0.3,0,0,1,0,0,1,0
0.35,0,0,1,0,1,0,0
0.38333333333333336,0,0,1,0,1,0,0
0.2833333333333333,0,0,1,0,0,0,1
0.38333333333333336,0,0,1,0,0,0,1
0.35,0,0,1,0,0,0,1
0.4,0,0,1,0,0,1,0
0.3,0,0,1,1,0,0,0
0.31666666666666665,0,0,1,0,0,1,0
0.31666666666666665,0,0,1,0,1,0,0
0.38333333333333336,0,0,1,0,1,0,0
0.4,0,0,1,0,0,0,1
0.7666666666666667,0,1,0,0,0,1,0
0.3333333333333333,0,0,1,0,1,0,0
0.35,0,0,1,0,1,0,0
0.2833333333333333,0,0,1,0,0,1,0
0.4,0,0,1,1,0,0,0
0.36666666666666664,0,0,1,0,1,0,0
0.38333333333333336,0,0,1,0,0,0,1
0.3,0,0,1,1,0,0,0
0.31666666666666665,0,0,1,1,0,0,0
0.3,0,0,1,1,0,0,0
0.4166666666666667,0,0,1,0,0,0,1
0.4166666666666667,0,0,1,1,0,0,0
0.3333333333333333,0,0,1,0,1,0,0
0.4166666666666667,0,0,1,0,0,1,0
0.38333333333333336,0,0,1,0,0,0,1
0.95,0,1,0,0,0,1,0
0.35,0,0,1,1,0,0,0
0.36666666666666664,0,0,1,0,0,1,0
0.4166666666666667,0,0,1,1,0,0,0
0.35,0,0,1,0,0,0,1
0.38333333333333336,0,0,1,0,0,0,1
0.4,0,0,1,0,0,0,1
0.4,0,0,1,0,0,1,0
0.3,0,0,1,0,0,0,1
0.4,0,0,1,0,0,1,0
0.3333333333333333,0,0,1,0,1,0,0
0.3333333333333333,0,0,1,0,1,0,0
0.38333333333333336,0,0,1,1,0,0,0
0.4,0,0,1,0,1,0,0
0.38333333333333336,0,0,1,1,0,0,0
0.38333333333333336,0,0,1,0,1,0,0
0.3333333333333333,0,0,1,1,0,0,0
0.4166666666666667,0,0,1,0,0,0,1
0.35,0,0,1,0,1,0,0
0.31666666666666665,0,0,1,0,0,1,0
0.7833333333333333,0,1,0,0,1,0,0
0.2833333333333333,0,0,1,0,1,0,0
0.36666666666666664,0,0,1,0,0,1,0
0.4,0,0,1,0,1,0,0
0.31666666666666665,0,0,1,0,0,0,1
0.3,0,0,1,0,1,0,0
0.2833333333333333,0,0,1,0,0,1,0
0.38333333333333336,0,0,1,0,0,0,1
0.3,0,0,1,1,0,0,0
0.35,0,0,1,0,0,1,0
0.31666666666666665,0,0,1,0,0,1,0
0.4166666666666667,0,0,1,1,0,0,0
0.38333333333333336,0,0,1,1,0,0,0
0.5166666666666667,0,1,0,0,1,0,0
0.6333333333333333,0,1,0,0,0,0,1
0.2833333333333333,0,0,1,0,0,1,0
0.4166666666666667,0,0,1,0,0,1,0
0.2833333333333333,0,0,1,1,0,0,0
0.36666666666666664,0,0,1,0,0,1,0
0.31666666666666665,0,0,1,0,0,1,0
0.3333333333333333,0,0,1,0,0,0,1
0.38333333333333336,0,0,1,1,0,0,0
0.35,0,0,1,0,1,0,0
0.36666666666666664,0,0,1,0,1,0,0
0.3333333333333333,0,0,1,0,1,0,0
0.36666666666666664,0,0,1,0,0,1,0
0.4166666666666667,0,0,1,0,0,0,1
0.2833333333333333,0,0,1,1,0,0,0
0.31666666666666665,0,0,1,0,0,0,1
0.3333333333333333,0,0,1,0,0,1,0
0.3333333333333333,0,0,1,0,1,0,0
0.4166666666666667,0,0,1,0,0,0,1
0.36666666666666664,0,0,1,0,0,1,0
0.36666666666666664,0,0,1,0,0,0,1
0.36666666666666664,0,0,1,0,0,0,1
0.2833333333333333,0,0,1,0,0,1,0
0.38333333333333336,0,0,1,0,0,1,0
0.35,0,0,1,0,0,0,1
0.3,0,0,1,0,1,0,0
0.31666666666666665,0,0,1,0,0,0,1
0.36666666666666664,0,0,1,0,0,1,0
0.3333333333333333,0,0,1,0,1,0,0
0.38333333333333336,0,0,1,1,0,0,0
0.31666666666666665,0,0,1,0,0,1,0
0.2833333333333333,0,0,1,0,0,0,1
0.31666666666666665,0,0,1,1,0,0,0
0.4166666666666667,0,0,1,0,0,0,1
0.3333333333333333,0,0,1,0,1,0,0
0.3333333333333333,0,0,1,0,1,0,0
0.31666666666666665,0,0,1,0,1,0,0
0.3333333333333333,0,0,1,0,0,0,1
0.35,0,0,1,0,0,1,0
0.8333333333333334,0,1,0,0,0,0,1
0.7833333333333333,0,1,0,0,0,1,0
0.5666666666666667,0,1,0,0,0,1,0
0.4,0,0,1,0,0,0,1
0.2833333333333333,0,0,1,1,0,0,0
0.5833333333333334,0,1,0,1,0,0,0
0.3333333333333333,0,0,1,1,0,0,0
0.3,0,0,1,0,0,0,1
0.38333333333333336,0,0,1,0,1,0,0
0.4,0,0,1,0,1,0,0
0.31666666666666665,0,0,1,0,1,0,0
0.3333333333333333,0,0,1,1,0,0,0
0.36666666666666664,0,0,1,0,0,1,0
0.36666666666666664,0,0,1,1,0,0,0
0.2833333333333333,0,0,1,0,0,0,1
0.38333333333333336,0,0,1,0,0,1,0
0.35,0,0,1,0,0,1,0
0.4,0,0,1,0,0,0,1
0.4166666666666667,0,0,1,0,1,0,0
0.7166666666666667,0,1,0,0,1,0,0
0.4,0,0,1,0,0,1,0
0.36666666666666664,0,0,1,0,0,0,1
0.3333333333333333,0,0,1,0,0,1,0
0.38333333333333336,0,0,1,1,0,0,0
0.3333333333333333,0,0,1,0,0,0,1
0.4166666666666667,0,0,1,0,1,0,0
0.38333333333333336,0,0,1,0,0,1,0
0.31666666666666665,0,0,1,0,1,0,0
0.2833333333333333,0,0,1,0,1,0,0
0.38333333333333336,0,0,1,0,0,1,0
0.35,0,0,1,0,0,1,0
0.3,0,0,1,0,0,1,0
0.3,0,0,1,0,1,0,0
0.4166666666666667,0,0,1,0,0,0,1
0.38333333333333336,0,0,1,0,0,0,1
0.3333333333333333,0,0,1,0,0,1,0
0.35,0,0,1,1,0,0,0
0.35,0,0,1,0,0,1,0
0.2833333333333333,0,0,1,1,0,0,0
0.4,0,0,1,0,0,0,1
0.9,0,1,0,1,0,0,0
0.3,0,0,1,0,0,0,1
0.3,0,0,1,0,1,0,0
0.85,0,1,0,0,0,1,0
0.4166666666666667,0,0,1,0,1,0,0
0.36666666666666664,0,0,1,0,1,0,0
0.4166666666666667,0,0,1,1,0,0,0
0.35,0,0,1,1,0,0,0
0.35,0,0,1,0,1,0,0
0.38333333333333336,0,0,1,1,0,0,0
0.36666666666666664,0,0,1,0,1,0,0
0.38333333333333336,0,0,1,0,1,0,0
0.4166666666666667,0,0,1,0,0,1,0
0.36666666666666664,0,0,1,0,1,0,0
0.4166666666666667,0,0,1,1,0,0,0
0.36666666666666664,0,0,1,0,0,1,0
0.4,0,0,1,1,0,0,0
0.3,0,0,1,0,0,0,1
0.4,0,0,1,1,0,0,0
0.3333333333333333,0,0,1,0,0,1,0
0.2833333333333333,0,0,1,0,0,1,0
0.31666666666666665,0,0,1,1,0,0,0
0.3333333333333333,0,0,1,0,0,1,0
0.2833333333333333,0,0,1,0,0,0,1
0.36666666666666664,0,0,1,0,0,0,1
0.3,0,0,1,0,0,1,0
0.38333333333333336,0,0,1,0,1,0,0
0.2833333333333333,0,0,1,0,0,1,0
0.4166666666666667,0,0,1,0,0,0,1
0.4,0,0,1,0,1,0,0
0.4166666666666667,0,0,1,0,1,0,0
0.2833333333333333,0,0,1,0,1,0,0
0.35,0,0,1,0,0,1,0
0.2833333333333333,0,0,1,0,1,0,0
0.5833333333333334,0,1,0,0,0,0,1
0.4,0,0,1,0,0,1,0
0.4166666666666667,0,0,1,0,0,0,1
0.38333333333333336,0,0,1,0,0,1,0
0.36666666666666664,0,0,1,0,0,1,0
0.4,0,0,1,0,0,1,0
0.36666666666666664,0,0,1,0,1,0,0
0.4166666666666667,0,0,1,0,0,0,1
0.4166666666666667,0,0,1,0,1,0,0
0.38333333333333336,0,0,1,0,0,0,1
0.31666666666666665,0,0,1,0,0,1,0
0.5833333333333334,0,1,0,0,0,0,1
0.3,0,0,1,0,0,0,1
0.35,0,0,1,0,0,0,1
0.35,0,0,1,0,1,0,0
0.35,0,0,1,0,0,1,0
0.4166666666666667,0,0,1,0,1,0,0
0.4,0,0,1,0,1,0,0
0.9,0,1,0,0,0,0,1
0.38333333333333336,0,0,1,0,0,1,0
0.38333333333333336,0,0,1,0,0,1,0
0.35,0,0,1,1,0,0,0
0.3333333333333333,0,0,1,0,0,0,1
0.36666666666666664,0,0,1,0,0,0,1
0.4,0,0,1,0,0,1,0
0.3,0,0,1,0,0,1,0
0.36666666666666664,0,0,1,0,0,0,1
0.35,0,0,1,0,0,1,0
0.3333333333333333,0,0,1,0,1,0,0
0.36666666666666664,0,0,1,0,0,1,0
0.35,0,0,1,1,0,0,0
0.75,0,1,0,0,0,1,0
0.31666666666666665,0,0,1,0,0,0,1
0.3,0,0,1,0,1,0,0
0.3333333333333333,0,0,1,0,0,0,1
0.3,0,0,1,1,0,0,0
0.36666666666666664,0,0,1,0,1,0,0
0.38333333333333336,0,0,1,0,0,0,1
0.4,0,0,1,0,0,0,1
0.36666666666666664,0,0,1,0,1,0,0
0.7,0,1,0,0,1,0,0
0.4,0,0,1,0,0,1,0
0.4,0,0,1,0,1,0,0
0.7666666666666667,0,1,0,0,0,1,0
0.3,0,0,1,0,1,0,0
0.8,0,1,0,0,1,0,0
0.85,0,1,0,0,0,1,0
0.3333333333333333,0,0,1,0,0,1,0
0.4166666666666667,0,0,1,1,0,0,0
0.3333333333333333,0,0,1,0,0,1,0
0.4,0,0,1,0,1,0,0
0.3,0,0,1,0,0,0,1
0.31666666666666665,0,0,1,1,0,0,0
0.2833333333333333,0,0,1,0,0,1,0
0.2833333333333333,0,0,1,0,1,0,0
0.3333333333333333,0,0,1,0,1,0,0
0.3,0,0,1,1,0,0,0
0.36666666666666664,0,0,1,0,0,0,1
0.38333333333333336,0,0,1,0,0,0,1
0.3,0,0,1,0,1,0,0
0.3333333333333333,0,0,1,0,1,0,0
0.2833333333333333,0,0,1,0,1,0,0
0.38333333333333336,0,0,1,0,0,0,1
0.38333333333333336,0,0,1,0,1,0,0
0.36666666666666664,0,0,1,0,0,1,0
0.31666666666666665,0,0,1,0,1,0,0
0.36666666666666664,0,0,1,0,0,0,1
0.95,0,1,0,0,1,0,0
0.35,0,0,1,0,0,0,1
0.4166666666666667,0,0,1,0,0,0,1
0.38333333333333336,0,0,1,0,0,0,1
0.3333333333333333,0,0,1,1,0,0,0
0.3333333333333333,0,0,1,0,1,0,0
0.35,0,0,1,1,0,0,0
0.36666666666666664,0,0,1,0,1,0,0
0.3,0,0,1,0,1,0,0
0.3,0,0,1,0,0,1,0
0.4166666666666667,0,0,1,0,0,1,0
0.9,0,1,0,1,0,0,0
0.38333333333333336,0,0,1,1,0,0,0
0.4,0,0,1,1,0,0,0
0.4166666666666667,0,0,1,0,1,0,0
0.31666666666666665,0,0,1,0,0,1,0
0.2833333333333333,0,0,1,0,0,1,0
0.36666666666666664,0,0,1,0,0,1,0
0.35,0,0,1,0,1,0,0
0.35,0,0,1,0,0,0,1
0.31666666666666665,0,0,1,0,1,0,0
0.4,0,0,1,0,0,1,0
0.4166666666666667,0,0,1,0,0,1,0
0.3333333333333333,0,0,1,0,0,1,0
0.4,0,0,1,0,0,1,0
0.2833333333333333,0,0,1,0,0,0,1
0.3333333333333333,0,0,1,0,0,0,1
0.36666666666666664,0,0,1,1,0,0,0
0.35,0,0,1,1,0,0,0
0.4166666666666667,0,0,1,0,0,0,1
0.3333333333333333,0,0,1,0,1,0,0
0.31666666666666665,0,0,1,0,0,0,1
0.3,0,0,1,0,0,0,1
0.3,0,0,1,1,0,0,0
0.35,0,0,1,0,0,1,0
0.3,0,0,1,0,0,1,0
0.38333333333333336,0,0,1,0,0,1,0
0.38333333333333336,0,0,1,0,1,0,0
0.4166666666666667,0,0,1,0,1,0,0
0.4166666666666667,0,0,1,0,1,0,0
0.95,0,1,0,0,0,1,0
0.2833333333333333,0,0,1,0,0,0,1
0.35,0,0,1,1,0,0,0
0.36666666666666664,0,0,1,1,0,0,0
0.3333333333333333,0,0,1,0,0,0,1
0.4166666666666667,0,0,1,0,0,0,1
0.4166666666666667,0,0,1,0,0,0,1
0.8,0,1,0,0,0,0,1
0.2833333333333333,0,0,1,0,1,0,0
0.4,0,0,1,0,0,0,1
0.38333333333333336,0,0,1,0,0,1,0
0.3,0,0,1,0,0,0,1
0.31666666666666665,0,0,1,0,0,0,1
0.36666666666666664,0,0,1,0,0,1,0
0.35,0,0,1,1,0,0,0
0.4,0,0,1,1,0,0,0
0.3333333333333333,0,0,1,0,1,0,0
1.0,0,1,0,0,0,1,0
0.4166666666666667,0,0,1,0,1,0,0
0.4166666666666667,0,0,1,1,0,0,0
0.3333333333333333,0,0,1,0,1,0,0
0.2833333333333333,0,0,1,0,0,1,0
0.31666666666666665,0,0,1,1,0,0,0
0.36666666666666664,0,0,1,1,0,0,0
0.3,0,0,1,0,0,0,1
0.35,0,0,1,1,0,0,0
0.4,0,0,1,0,0,1,0
0.3,0,0,1,0,0,1,0
0.31666666666666665,0,0,1,0,1,0,0
0.3333333333333333,0,0,1,0,0,0,1
0.3333333333333333,0,0,1,0,0,1,0
0.75,0,1,0,0,0,1,0
0.38333333333333336,0,0,1,1,0,0,0
0.35,0,0,1,0,0,0,1
0.4166666666666667,0,0,1,0,0,1,0
0.38333333333333336,0,0,1,0,0,0,1
0.3333333333333333,0,0,1,0,0,1,0
0.31666666666666665,0,0,1,0,0,0,1
0.35,0,0,1,0,1,0,0
0.36666666666666664,0,0,1,0,1,0,0
0.35,0,0,1,0,1,0,0
0.31666666666666665,0,0,1,0,0,1,0
0.35,0,0,1,0,0,0,1
0.38333333333333336,0,0,1,0,0,1,0
0.5666666666666667,0,1,0,0,0,1,0
0.4,0,0,1,0,0,0,1
0.4,0,0,1,1,0,0,0
0.6166666666666667,0,1,0,1,0,0,0
0.4166666666666667,0,0,1,0,0,0,1
0.3333333333333333,0,0,1,0,0,1,0
0.4,0,0,1,1,0,0,0
0.38333333333333336,0,0,1,1,0,0,0
0.3333333333333333,0,0,1,0,1,0,0
0.31666666666666665,0,0,1,1,0,0,0
0.6,0,1,0,1,0,0,0
0.7333333333333333,0,1,0,0,0,1,0
0.3,0,0,1,0,1,0,0
0.3333333333333333,0,0,1,0,0,0,1
0.2833333333333333,0,0,1,1,0,0,0
0.6833333333333333,0,1,0,0,0,0,1
0.31666666666666665,0,0,1,0,0,1,0
0.31666666666666665,0,0,1,0,1,0,0
0.3333333333333333,0,0,1,0,0,0,1
0.4,0,0,1,0,1,0,0
0.36666666666666664,0,0,1,0,0,0,1
0.2833333333333333,0,0,1,1,0,0,0
0.4166666666666667,0,0,1,0,0,0,1
0.38333333333333336,0,0,1,0,1,0,0
0.38333333333333336,0,0,1,0,1,0,0
0.2833333333333333,0,0,1,0,0,0,1
0.35,0,0,1,0,1,0,0
0.4166666666666667,0,0,1,0,1,0,0
0.2833333333333333,0,0,1,0,0,1,0
0.3,0,0,1,0,0,1,0
0.36666666666666664,0,0,1,1,0,0,0
0.4166666666666667,0,0,1,1,0,0,0
0.36666666666666664,0,0,1,1,0,0,0
0.3333333333333333,0,0,1,0,0,1,0
0.4,0,0,1,1,0,0,0
0.4,0,0,1,0,1,0,0
0.5666666666666667,0,1,0,0,1,0,0
0.31666666666666665,0,0,1,0,0,0,1
0.36666666666666664,0,0,1,1,0,0,0
0.38333333333333336,0,0,1,0,1,0,0
0.35,0,0,1,0,0,0,1
0.31666666666666665,0,0,1,1,0,0,0
0.4166666666666667,0,0,1,0,0,0,1
0.65,0,1,0,0,0,0,1
0.4,0,0,1,0,1,0,0
0.4,0,0,1,0,1,0,0
0.4166666666666667,0,0,1,1,0,0,0
0.2833333333333333,0,0,1,1,0,0,0
0.36666666666666664,0,0,1,1,0,0,0
0.38333333333333336,0,0,1,0,1,0,0
0.36666666666666664,0,0,1,0,1,0,0
0.4166666666666667,0,0,1,0,1,0,0
0.31666666666666665,0,0,1,0,0,0,1
0.4,0,0,1,0,0,1,0
0.2833333333333333,0,0,1,1,0,0,0
0.4166666666666667,0,0,1,0,1,0,0
0.2833333333333333,0,0,1,0,0,1,0
0.4166666666666667,0,0,1,0,0,1,0
0.4,0,0,1,1,0,0,0
0.38333333333333336,0,0,1,0,0,0,1
0.4166666666666667,0,0,1,0,0,0,1
0.8333333333333334,0,1,0,0,1,0,0
0.4,0,0,1,1,0,0,0
0.2833333333333333,0,0,1,0,1,0,0
0.3,0,0,1,0,0,0,1
0.36666666666666664,0,0,1,1,0,0,0
0.35,0,0,1,0,0,1,0
0.7333333333333333,0,1,0,0,1,0,0
0.3,0,0,1,0,0,0,1
0.4166666666666667,0,0,1,0,0,0,1
0.3,0,0,1,1,0,0,0
0.36666666666666664,0,0,1,1,0,0,0
0.3333333333333333,0,0,1,0,0,0,1
0.7333333333333333,0,1,0,0,1,0,0
0.3333333333333333,0,0,1,0,1,0,0
0.31666666666666665,0,0,1,0,0,0,1
0.3,0,0,1,0,0,0,1
0.9666666666666667,0,1,0,0,0,1,0
0.3333333333333333,0,0,1,0,0,0,1
0.8666666666666667,0,1,0,0,1,0,0
0.3,0,0,1,1,0,0,0
0.3333333333333333,0,0,1,1,0,0,0
0.35,0,0,1,0,0,1,0
0.35,0,0,1,1,0,0,0
0.4166666666666667,0,0,1,0,0,1,0
0.3333333333333333,0,0,1,0,0,1,0
0.2833333333333333,0,0,1,0,1,0,0
0.4166666666666667,0,0,1,1,0,0,0
0.36666666666666664,0,0,1,0,1,0,0
0.38333333333333336,0,0,1,0,0,1,0
0.55,0,1,0,0,0,1,0
0.3,0,0,1,0,0,0,1
0.31666666666666665,0,0,1,0,0,1,0
0.2833333333333333,0,0,1,0,1,0,0
0.2833333333333333,0,0,1,0,0,0,1
0.75,0,1,0,0,1,0,0
0.38333333333333336,0,0,1,0,0,0,1
0.85,0,1,0,0,0,0,1
0.38333333333333336,0,0,1,0,1,0,0
0.36666666666666664,0,0,1,0,1,0,0
0.36666666666666664,0,0,1,0,1,0,0
0.36666666666666664,0,0,1,0,0,0,1
0.5,0,1,0,0,1,0,0
0.2833333333333333,0,0,1,0,0,1,0
0.5,0,1,0,0,1,0,0
0.38333333333333336,0,0,1,1,0,0,0
0.3333333333333333,0,0,1,0,0,1,0
0.55,0,1,0,0,1,0,0
0.35,0,0,1,0,1,0,0
0.4,0,0,1,0,0,1,0
0.3333333333333333,0,0,1,0,0,1,0
0.38333333333333336,0,0,1,0,1,0,0
0.4,0,0,1,1,0,0,0
0.2833333333333333,0,0,1,0,1,0,0
0.35,0,0,1,0,0,1,0
0.2833333333333333,0,0,1,0,0,0,1
0.3,0,0,1,0,0,1,0
0.36666666666666664,0,0,1,0,1,0,0
0.35,0,0,1,0,0,0,1
0.9333333333333333,0,1,0,0,0,0,1
0.3,0,0,1,0,0,0,1
0.3333333333333333,0,0,1,1,0,0,0
0.3333333333333333,0,0,1,0,1,0,0
0.4,0,0,1,0,0,1,0
0.38333333333333336,0,0,1,0,0,1,0
0.2833333333333333,0,0,1,0,1,0,0
0.31666666666666665,0,0,1,0,1,0,0
0.36666666666666664,0,0,1,1,0,0,0
0.4,0,0,1,0,0,0,1
0.35,0,0,1,0,1,0,0
0.2833333333333333,0,0,1,1,0,0,0
0.9,0,1,0,0,0,0,1
0.36666666666666664,0,0,1,0,1,0,0
0.4166666666666667,0,0,1,1,0,0,0
0.35,0,0,1,0,0,1,0
0.31666666666666665,0,0,1,0,0,0,1
0.38333333333333336,0,0,1,0,1,0,0
0.35,0,0,1,0,1,0,0
0.31666666666666665,0,0,1,0,0,0,1
0.31666666666666665,0,0,1,1,0,0,0
0.85,0,1,0,0,1,0,0
0.2833333333333333,0,0,1,0,1,0,0
0.3333333333333333,0,0,1,0,0,0,1
0.36666666666666664,0,0,1,0,1,0,0
0.3,0,0,1,0,0,1,0
0.31666666666666665,0,0,1,0,1,0,0
0.4,0,0,1,0,0,1,0
0.4,0,0,1,1,0,0,0
0.38333333333333336,0,0,1,0,0,0,1
0.8166666666666667,0,1,0,0,0,0,1
0.75,0,1,0,1,0,0,0
0.35,0,0,1,0,1,0,0
0.4166666666666667,0,0,1,1,0,0,0
0.3,0,0,1,1,0,0,0
0.3333333333333333,0,0,1,0,0,1,0
0.31666666666666665,0,0,1,0,0,0,1
0.35,0,0,1,0,0,1,0
0.4166666666666667,0,0,1,0,1,0,0
0.65,0,1,0,1,0,0,0
0.36666666666666664,0,0,1,1,0,0,0
0.35,0,0,1,0,1,0,0
0.3333333333333333,0,0,1,0,0,1,0
0.4166666666666667,0,0,1,0,0,1,0
0.4166666666666667,0,0,1,1,0,0,0
0.3,0,0,1,1,0,0,0
0.3333333333333333,0,0,1,0,1,0,0
0.2833333333333333,0,0,1,0,1,0,0
0.31666666666666665,0,0,1,0,1,0,0
0.3,0,0,1,0,1,0,0
0.8333333333333334,0,1,0,0,0,0,1
0.35,0,0,1,0,0,0,1
0.35,0,0,1,0,0,1,0
0.36666666666666664,0,0,1,1,0,0,0
0.8833333333333333,0,1,0,0,0,0,1
0.35,0,0,1,1,0,0,0
0.4166666666666667,0,0,1,0,0,1,0
0.35,0,0,1,0,0,1,0
0.4,0,0,1,1,0,0,0
0.35,0,0,1,0,0,0,1
0.4,0,0,1,0,1,0,0
0.35,0,0,1,1,0,0,0
0.3,0,0,1,0,0,1,0
0.4,0,0,1,0,1,0,0
0.3,0,0,1,1,0,0,0
0.2833333333333333,0,0,1,0,1,0,0
0.4166666666666667,0,0,1,0,0,0,1
0.35,0,0,1,0,0,0,1
0.4,0,0,1,0,0,1,0
0.6,0,1,0,1,0,0,0
0.38333333333333336,0,0,1,0,0,1,0
0.7,0,1,0,0,0,0,1
0.35,0,0,1,1,0,0,0
0.35,0,0,1,0,0,0,1
0.31666666666666665,0,0,1,0,1,0,0
0.36666666666666664,0,0,1,0,0,0,1
0.4,0,0,1,0,1,0,0
0.38333333333333336,0,0,1,1,0,0,0
0.3,0,0,1,0,0,0,1
0.35,0,0,1,1,0,0,0
0.2833333333333333,0,0,1,1,0,0,0
0.6666666666666666,0,1,0,0,0,0,1
0.5166666666666667,0,1,0,0,1,0,0
0.35,0,0,1,1,0,0,0
0.4166666666666667,0,0,1,0,1,0,0
0.3333333333333333,0,0,1,0,0,0,1
0.4166666666666667,0,0,1,0,0,0,1
0.31666666666666665,0,0,1,0,1,0,0
0.31666666666666665,0,0,1,0,0,1,0
0.35,0,0,1,1,0,0,0
0.2833333333333333,0,0,1,0,0,0,1
0.2833333333333333,0,0,1,0,0,0,1
0.4,0,0,1,0,1,0,0
0.9333333333333333,0,1,0,0,0,0,1
0.4,0,0,1,0,0,0,1
0.35,0,0,1,0,0,1,0
0.3,0,0,1,0,1,0,0
0.3333333333333333,0,0,1,0,0,1,0
0.3333333333333333,0,0,1,1,0,0,0
0.3,0,0,1,1,0,0,0
0.4166666666666667,0,0,1,0,1,0,0
0.3,0,0,1,1,0,0,0
0.4166666666666667,0,0,1,1,0,0,0
0.4166666666666667,0,0,1,0,0,0,1
0.38333333333333336,0,0,1,1,0,0,0
0.3,0,0,1,1,0,0,0
0.4166666666666667,0,0,1,1,0,0,0
0.36666666666666664,0,0,1,0,0,1,0
0.36666666666666664,0,0,1,0,1,0,0
0.4166666666666667,0,0,1,1,0,0,0
0.3,0,0,1,0,0,1,0
0.4166666666666667,0,0,1,1,0,0,0
0.36666666666666664,0,0,1,0,1,0,0
0.3333333333333333,0,0,1,0,0,0,1
0.36666666666666664,0,0,1,0,0,0,1
0.3,0,0,1,1,0,0,0
0.31666666666666665,0,0,1,1,0,0,0
0.38333333333333336,0,0,1,0,1,0,0
0.35,0,0,1,0,0,0,1
0.31666666666666665,0,0,1,0,0,1,0
0.31666666666666665,0,0,1,0,1,0,0
0.36666666666666664,0,0,1,0,0,0,1
0.38333333333333336,0,0,1,1,0,0,0
0.38333333333333336,0,0,1,1,0,0,0
0.36666666666666664,0,0,1,0,0,1,0
0.4,0,0,1,0,0,0,1
0.3,0,0,1,0,0,0,1
0.35,0,0,1,0,0,1,0
0.2833333333333333,0,0,1,1,0,0,0
0.31666666666666665,0,0,1,0,0,0,1
0.4,0,0,1,0,0,0,1
0.3,0,0,1,0,0,0,1
0.4166666666666667,0,0,1,0,0,0,1
0.4,0,0,1,0,1,0,0
0.5,0,1,0,0,0,0,1
0.4,0,0,1,0,0,1,0
0.4,0,0,1,1,0,0,0
0.3333333333333333,0,0,1,0,1,0,0
0.2833333333333333,0,0,1,0,1,0,0
0.4,0,0,1,0,0,1,0
0.4,0,0,1,0,0,0,1
0.6666666666666666,0,1,0,0,1,0,0
0.4,0,0,1,1,0,0,0
0.3,0,0,1,0,0,1,0
0.35,0,0,1,0,1,0,0
0.36666666666666664,0,0,1,0,0,0,1
0.3,0,0,1,0,0,0,1
0.36666666666666664,0,0,1,1,0,0,0
0.4,0,0,1,0,1,0,0
0.4,0,0,1,1,0,0,0
0.3333333333333333,0,0,1,0,0,0,1
0.4,0,0,1,0,1,0,0
0.2833333333333333,0,0,1,0,0,1,0
0.31666666666666665,0,0,1,1,0,0,0
0.31666666666666665,0,0,1,0,0,0,1
0.4,0,0,1,0,1,0,0
0.4,0,0,1,0,0,1,0
0.2833333333333333,0,0,1,0,1,0,0
0.4166666666666667,0,0,1,1,0,0,0
0.36666666666666664,0,0,1,0,1,0,0
0.4166666666666667,0,0,1,0,1,0,0
0.2833333333333333,0,0,1,0,0,1,0
0.4,0,0,1,1,0,0,0
0.4166666666666667,0,0,1,0,0,0,1
0.2833333333333333,0,0,1,1,0,0,0
0.2833333333333333,0,0,1,0,1,0,0
0.36666666666666664,0,0,1,0,0,1,0
0.35,0,0,1,1,0,0,0
0.35,0,0,1,1,0,0,0
0.31666666666666665,0,0,1,0,0,0,1
0.6,0,1,0,1,0,0,0
0.31666666666666665,0,0,1,0,1,0,0
0.38333333333333336,0,0,1,0,1,0,0
0.31666666666666665,0,0,1,0,1,0,0
0.3,0,0,1,0,0,1,0
0.38333333333333336,0,0,1,0,0,1,0
0.3,0,0,1,1,0,0,0
0.3,0,0,1,0,0,1,0
0.4,0,0,1,0,0,0,1
0.35,0,0,1,0,0,0,1
0.31666666666666665,0,0,1,0,0,0,1
0.5666666666666667,0,1,0,0,0,0,1
0.31666666666666665,0,0,1,0,0,1,0
0.3,0,0,1,1,0,0,0
0.7666666666666667,0,1,0,0,0,0,1
0.36666666666666664,0,0,1,0,0,0,1
0.31666666666666665,0,0,1,0,1,0,0
0.38333333333333336,0,0,1,0,0,1,0
0.38333333333333336,0,0,1,0,0,0,1
0.3333333333333333,0,0,1,0,1,0,0
0.38333333333333336,0,0,1,0,0,0,1
0.4,0,0,1,0,1,0,0
0.3333333333333333,0,0,1,1,0,0,0
0.95,0,1,0,0,0,1,0
0.3333333333333333,0,0,1,0,0,0,1
0.3333333333333333,0,0,1,0,1,0,0
0.38333333333333336,0,0,1,0,0,1,0
0.3333333333333333,0,0,1,0,1,0,0
0.8333333333333334,0,1,0,0,1,0,0
0.38333333333333336,0,0,1,0,1,0,0
0.4,0,0,1,0,0,1,0
0.3333333333333333,0,0,1,0,0,0,1
0.4166666666666667,0,0,1,0,0,1,0
0.75,0,1,0,0,1,0,0
0.6833333333333333,0,1,0,0,0,0,1
0.35,0,0,1,0,0,1,0
0.2833333333333333,0,0,1,0,1,0,0
0.4166666666666667,0,0,1,1,0,0,0
0.4166666666666667,0,0,1,0,0,0,1
0.3,0,0,1,0,0,0,1
0.4,0,0,1,0,0,0,1
0.36666666666666664,0,0,1,0,0,1,0
0.3333333333333333,0,0,1,1,0,0,0
0.31666666666666665,0,0,1,0,0,0,1
0.3,0,0,1,0,1,0,0
0.38333333333333336,0,0,1,1,0,0,0
0.35,0,0,1,0,1,0,0
0.3,0,0,1,1,0,0,0
0.31666666666666665,0,0,1,0,1,0,0
0.4,0,0,1,0,0,1,0
0.4,0,0,1,0,1,0,0
0.38333333333333336,0,0,1,0,0,1,0
0.35,0,0,1,0,0,1,0
0.35,0,0,1,0,0,1,0
0.2833333333333333,0,0,1,1,0,0,0
0.3333333333333333,0,0,1,0,0,1,0
0.35,0,0,1,1,0,0,0
0.38333333333333336,0,0,1,0,0,0,1
0.6666666666666666,0,1,0,1,0,0,0
0.4166666666666667,0,0,1,0,1,0,0
0.38333333333333336,0,0,1,1,0,0,0
0.4,0,0,1,1,0,0,0
0.3333333333333333,0,0,1,0,0,1,0
0.4,0,0,1,0,0,0,1
0.31666666666666665,0,0,1,0,0,1,0
0.3333333333333333,0,0,1,0,0,0,1
0.3,0,0,1,1,0,0,0
0.35,0,0,1,0,1,0,0
0.9166666666666666,0,1,0,1,0,0,0
0.31666666666666665,0,0,1,0,1,0,0
0.38333333333333336,0,0,1,0,0,1,0
0.2833333333333333,0,0,1,0,0,1,0
0.9,1,0,0,0,1,0,0
0.3,0,0,1,0,1,0,0
0.36666666666666664,0,0,1,0,0,0,1
0.4,0,0,1,0,0,1,0
0.35,0,0,1,0,0,1,0
0.3,0,0,1,0,0,0,1
0.2833333333333333,0,0,1,0,0,1,0
0.4166666666666667,0,0,1,0,0,0,1
0.2833333333333333,0,0,1,1,0,0,0
0.2833333333333333,0,0,1,0,1,0,0
0.3,0,0,1,0,0,1,0
0.3333333333333333,0,0,1,0,0,1,0
0.31666666666666665,0,0,1,0,0,1,0
0.35,0,0,1,0,1,0,0
0.38333333333333336,0,0,1,1,0,0,0
0.4,0,0,1,0,0,0,1
0.4,0,0,1,0,0,1,0
0.4,0,0,1,0,0,1,0
0.35,0,0,1,1,0,0,0
0.3,0,0,1,0,0,1,0
0.4166666666666667,0,0,1,0,0,0,1
0.35,0,0,1,0,1,0,0
0.31666666666666665,0,0,1,1,0,0,0
0.35,0,0,1,0,1,0,0
0.4,0,0,1,0,1,0,0
0.36666666666666664,0,0,1,0,0,0,1
0.38333333333333336,0,0,1,0,0,0,1
0.35,0,0,1,1,0,0,0
0.2833333333333333,0,0,1,0,1,0,0
0.31666666666666665,0,0,1,0,0,0,1
0.2833333333333333,0,0,1,1,0,0,0
0.3333333333333333,0,0,1,0,0,1,0
0.35,0,0,1,0,0,0,1
0.38333333333333336,0,0,1,0,0,1,0
0.36666666666666664,0,0,1,1,0,0,0
0.3,0,0,1,1,0,0,0
0.2833333333333333,0,0,1,0,1,0,0
0.36666666666666664,0,0,1,0,0,1,0
0.31666666666666665,0,0,1,0,0,1,0
0.6833333333333333,0,1,0,1,0,0,0
0.4166666666666667,0,0,1,0,1,0,0
0.3,0,0,1,0,1,0,0
0.36666666666666664,0,0,1,0,0,0,1
0.31666666666666665,0,0,1,1,0,0,0
0.38333333333333336,0,0,1,0,0,0,1
0.7333333333333333,0,1,0,0,0,0,1
0.35,0,0,1,0,0,1,0
0.36666666666666664,0,0,1,0,1,0,0
0.4166666666666667,0,0,1,0,1,0,0
0.38333333333333336,0,0,1,0,1,0,0
0.31666666666666665,0,0,1,0,1,0,0
0.35,0,0,1,1,0,0,0
0.4166666666666667,0,0,1,1,0,0,0
0.4166666666666667,0,0,1,0,0,0,1
0.36666666666666664,0,0,1,0,0,0,1
0.3,0,0,1,0,0,0,1
0.2833333333333333,0,0,1,0,0,0,1
0.3,0,0,1,0,0,0,1
0.3,0,0,1,0,1,0,0
0.2833333333333333,0,0,1,1,0,0,0
0.3,0,0,1,0,0,0,1
0.3333333333333333,0,0,1,0,1,0,0
0.4,0,0,1,1,0,0,0
0.4,0,0,1,0,0,1,0
0.31666666666666665,0,0,1,0,0,0,1
0.8833333333333333,0,1,0,1,0,0,0
0.95,0,1,0,0,1,0,0
0.2833333333333333,0,0,1,1,0,0,0
0.38333333333333336,0,0,1,0,0,0,1
0.8,0,1,0,1,0,0,0
0.3333333333333333,0,0,1,0,0,1,0
0.3,0,0,1,1,0,0,0
0.36666666666666664,0,0,1,1,0,0,0
0.3333333333333333,0,0,1,0,1,0,0
0.2833333333333333,0,0,1,0,1,0,0
0.36666666666666664,0,0,1,1,0,0,0
0.35,0,0,1,0,0,1,0
0.36666666666666664,0,0,1,0,0,1,0
0.2833333333333333,0,0,1,0,1,0,0
0.35,0,0,1,0,0,1,0
0.4,0,0,1,0,1,0,0
0.3333333333333333,0,0,1,1,0,0,0
0.3,0,0,1,1,0,0,0
0.6666666666666666,0,1,0,0,1,0,0
0.2833333333333333,0,0,1,0,1,0,0
0.3,0,0,1,1,0,0,0
0.38333333333333336,0,0,1,0,0,0,1
0.3,0,0,1,0,0,1,0
0.36666666666666664,0,0,1,0,1,0,0
0.31666666666666665,0,0,1,0,0,0,1
0.6,0,1,0,0,0,0,1
0.35,0,0,1,0,1,0,0
0.38333333333333336,0,0,1,1,0,0,0
0.2833333333333333,0,0,1,1,0,0,0
0.3,0,0,1,0,0,1,0
0.36666666666666664,0,0,1,1,0,0,0
0.31666666666666665,0,0,1,0,0,1,0
0.3,0,0,1,0,0,1,0
0.6,0,1,0,0,1,0,0
0.35,0,0,1,0,0,0,1
0.4166666666666667,0,0,1,0,0,0,1
0.3,0,0,1,0,0,0,1
0.3333333333333333,0,0,1,0,0,0,1
0.2833333333333333,0,0,1,1,0,0,0
0.8333333333333334,0,1,0,0,0,0,1
0.35,0,0,1,1,0,0,0
0.36666666666666664,0,0,1,1,0,0,0
0.36666666666666664,0,0,1,0,1,0,0
0.31666666666666665,0,0,1,0,0,1,0
0.31666666666666665,0,0,1,0,1,0,0
0.3,0,0,1,0,1,0,0
0.35,0,0,1,0,0,1,0
0.6333333333333333,0,1,0,0,0,0,1
0.38333333333333336,0,0,1,0,1,0,0
0.36666666666666664,0,0,1,0,0,1,0
0.36666666666666664,0,0,1,0,0,0,1
0.36666666666666664,0,0,1,0,1,0,0
0.31666666666666665,0,0,1,0,0,0,1
0.3333333333333333,0,0,1,0,0,0,1
0.38333333333333336,0,0,1,0,1,0,0
0.4,0,0,1,0,1,0,0
0.2833333333333333,0,0,1,1,0,0,0
0.35,0,0,1,0,0,1,0
0.31666666666666665,0,0,1,0,0,0,1
0.4166666666666667,0,0,1,0,0,0,1
0.2833333333333333,0,0,1,1,0,0,0
0.4,0,0,1,1,0,0,0
0.4,0,0,1,0,0,0,1
0.36666666666666664,0,0,1,0,1,0,0
0.3333333333333333,0,0,1,0,1,0,0
0.31666666666666665,0,0,1,0,0,1,0
0.3,0,0,1,0,0,1,0
0.35,0,0,1,1,0,0,0
0.36666666666666664,0,0,1,0,1,0,0
0.36666666666666664,0,0,1,0,1,0,0
0.35,0,0,1,0,1,0,0
0.4,0,0,1,1,0,0,0
0.3,0,0,1,0,1,0,0
0.2833333333333333,0,0,1,1,0,0,0
0.65,0,1,0,0,1,0,0
0.3333333333333333,0,0,1,0,1,0,0
0.4,0,0,1,0,0,0,1
0.3333333333333333,0,0,1,1,0,0,0
0.4,0,0,1,1,0,0,0
0.35,0,0,1,1,0,0,0
0.38333333333333336,0,0,1,0,0,0,1
0.31666666666666665,0,0,1,0,0,0,1
0.3333333333333333,0,0,1,0,0,0,1
0.31666666666666665,0,0,1,1,0,0,0
0.36666666666666664,0,0,1,0,1,0,0
0.3333333333333333,0,0,1,0,1,0,0
0.4166666666666667,0,0,1,0,0,1,0
0.4166666666666667,0,0,1,0,1,0,0
0.3333333333333333,0,0,1,0,0,0,1
0.4166666666666667,0,0,1,1,0,0,0
0.4166666666666667,0,0,1,0,0,1,0
0.35,0,0,1,0,0,0,1
0.2833333333333333,0,0,1,1,0,0,0
0.3333333333333333,0,0,1,0,0,0,1
0.31666666666666665,0,0,1,0,0,1,0
0.2833333333333333,0,0,1,0,1,0,0
0.3,0,0,1,0,0,0,1
0.38333333333333336,0,0,1,1,0,0,0
0.4,0,0,1,0,1,0,0
0.4,0,0,1,0,0,0,1
0.36666666666666664,0,0,1,0,0,0,1
0.35,0,0,1,0,0,1,0
0.36666666666666664,0,0,1,0,0,1,0
0.7833333333333333,0,1,0,0,0,0,1
0.36666666666666664,0,0,1,0,1,0,0
0.31666666666666665,0,0,1,1,0,0,0
0.3,0,0,1,1,0,0,0
0.38333333333333336,0,0,1,0,0,0,1
0.2833333333333333,0,0,1,0,0,0,1
0.31666666666666665,0,0,1,0,0,1,0
0.65,0,1,0,0,0,0,1
0.4166666666666667,0,0,1,0,0,1,0
0.36666666666666664,0,0,1,1,0,0,0
0.36666666666666664,0,0,1,0,0,1,0
0.3,0,0,1,1,0,0,0
0.3333333333333333,0,0,1,0,1,0,0
0.2833333333333333,0,0,1,0,0,1,0
0.4166666666666667,0,0,1,0,1,0,0
0.35,0,0,1,0,0,0,1
0.38333333333333336,0,0,1,0,0,1,0
0.4166666666666667,0,0,1,1,0,0,0
0.4,0,0,1,0,1,0,0
0.3333333333333333,0,0,1,0,0,1,0
0.35,0,0,1,0,0,0,1
0.31666666666666665,0,0,1,1,0,0,0
0.36666666666666664,0,0,1,0,0,1,0
0.9166666666666666,0,1,0,0,0,0,1
0.36666666666666664,0,0,1,0,0,0,1
0.5,0,1,0,0,0,0,1
0.31666666666666665,0,0,1,0,0,0,1
0.2833333333333333,0,0,1,1,0,0,0
0.4166666666666667,0,0,1,1,0,0,0
0.38333333333333336,0,0,1,0,0,0,1
0.4,0,0,1,0,1,0,0
0.4,0,0,1,0,0,1,0
0.4166666666666667,0,0,1,0,0,0,1
0.6333333333333333,0,1,0,1,0,0,0
0.36666666666666664,0,0,1,0,0,0,1
0.35,0,0,1,0,0,1,0
0.31666666666666665,0,0,1,0,0,1,0
0.36666666666666664,0,0,1,0,0,0,1
0.7333333333333333,0,1,0,0,0,0,1
0.4,0,0,1,1,0,0,0
0.38333333333333336,0,0,1,1,0,0,0
0.35,0,0,1,0,1,0,0
0.4166666666666667,0,0,1,1,0,0,0
0.2833333333333333,0,0,1,0,0,0,1
0.4,0,0,1,0,0,1,0
0.36666666666666664,0,0,1,1,0,0,0
0.35,0,0,1,0,0,0,1
0.6,0,1,0,0,0,1,0
0.3333333333333333,0,0,1,1,0,0,0
0.2833333333333333,0,0,1,0,0,1,0
0.3,0,0,1,1,0,0,0
0.36666666666666664,0,0,1,1,0,0,0
0.3,0,0,1,0,0,1,0
0.4,0,0,1,0,0,0,1
0.3333333333333333,0,0,1,0,0,0,1
0.4,0,0,1,0,1,0,0
0.31666666666666665,0,0,1,1,0,0,0
0.3,0,0,1,0,0,0,1
0.31666666666666665,0,0,1,1,0,0,0
0.38333333333333336,0,0,1,1,0,0,0
0.3,0,0,1,0,0,1,0
0.3,0,0,1,0,0,0,1
0.38333333333333336,0,0,1,0,1,0,0
0.36666666666666664,0,0,1,0,0,0,1
0.3,0,0,1,0,0,1,0
0.9,0,1,0,0,1,0,0
0.3,0,0,1,1,0,0,0
0.4,0,0,1,0,0,0,1
0.4,0,0,1,0,0,0,1
0.31666666666666665,0,0,1,1,0,0,0
0.9333333333333333,0,1,0,0,0,0,1
0.31666666666666665,0,0,1,1,0,0,0
0.6,0,1,0,0,1,0,0
0.4,0,0,1,0,0,1,0
0.85,0,1,0,0,0,1,0
0.2833333333333333,0,0,1,0,1,0,0
0.31666666666666665,0,0,1,0,0,0,1
0.2833333333333333,0,0,1,0,0,0,1
0.3333333333333333,0,0,1,0,1,0,0
0.38333333333333336,0,0,1,0,0,0,1
0.4,0,0,1,0,0,1,0
0.2833333333333333,0,0,1,0,1,0,0
0.2833333333333333,0,0,1,0,0,0,1
0.35,0,0,1,0,1,0,0
0.36666666666666664,0,0,1,0,0,1,0
0.31666666666666665,0,0,1,0,0,1,0
0.31666666666666665,0,0,1,0,1,0,0
0.35,0,0,1,0,0,1,0
0.9333333333333333,0,1,0,1,0,0,0
0.3,0,0,1,0,0,1,0
0.4,0,0,1,1,0,0,0
0.36666666666666664,0,0,1,0,0,1,0
0.4,0,0,1,0,0,1,0
0.4,0,0,1,1,0,0,0
0.38333333333333336,0,0,1,1,0,0,0
0.3,0,0,1,0,0,1,0
0.2833333333333333,0,0,1,0,1,0,0
0.36666666666666664,0,0,1,0,1,0,0
0.35,0,0,1,1,0,0,0
0.3,0,0,1,0,0,0,1
0.4,0,0,1,1,0,0,0
0.38333333333333336,0,0,1,0,0,0,1
0.3,0,0,1,1,0,0,0
0.36666666666666664,0,0,1,0,0,0,1
0.4166666666666667,0,0,1,1,0,0,0
0.2833333333333333,0,0,1,1,0,0,0
0.6666666666666666,0,1,0,1,0,0,0
0.6166666666666667,0,1,0,1,0,0,0
0.85,0,1,0,0,1,0,0
0.38333333333333336,0,0,1,0,0,1,0
0.38333333333333336,0,0,1,0,0,1,0
0.31666666666666665,0,0,1,0,0,1,0
0.35,0,0,1,0,0,1,0
0.3,0,0,1,0,0,0,1
0.4,0,0,1,0,0,1,0
0.36666666666666664,0,0,1,0,0,1,0
0.4166666666666667,0,0,1,0,0,1,0
0.36666666666666664,0,0,1,1,0,0,0
0.38333333333333336,0,0,1,0,1,0,0
0.3333333333333333,0,0,1,0,0,1,0
0.4,0,0,1,0,0,1,0
0.9333333333333333,0,1,0,1,0,0,0
0.2833333333333333,0,0,1,0,0,0,1
0.38333333333333336,0,0,1,0,0,1,0
0.3333333333333333,0,0,1,0,0,1,0
0.3,0,0,1,0,0,0,1
0.4166666666666667,0,0,1,0,1,0,0
0.3,0,0,1,0,1,0,0
0.36666666666666664,0,0,1,0,0,1,0
0.38333333333333336,0,0,1,1,0,0,0
0.4166666666666667,0,0,1,0,0,0,1
0.3,0,0,1,0,0,0,1
0.36666666666666664,0,0,1,0,0,1,0
0.4,0,0,1,0,1,0,0
0.3,0,0,1,1,0,0,0
0.2833333333333333,0,0,1,1,0,0,0
0.3333333333333333,0,0,1,0,0,0,1
0.38333333333333336,0,0,1,0,0,0,1
0.35,0,0,1,0,0,0,1
0.35,0,0,1,0,1,0,0
0.3,0,0,1,1,0,0,0
0.38333333333333336,0,0,1,0,1,0,0
0.36666666666666664,0,0,1,0,1,0,0
0.35,0,0,1,0,1,0,0
0.4,0,0,1,0,0,0,1
0.36666666666666664,0,0,1,1,0,0,0
0.4,0,0,1,0,0,1,0
0.8166666666666667,0,1,0,1,0,0,0
0.35,0,0,1,0,0,0,1
0.3333333333333333,0,0,1,0,0,0,1
0.36666666666666664,0,0,1,0,0,0,1
0.35,0,0,1,0,0,0,1
0.4166666666666667,0,0,1,0,0,0,1
0.4,0,0,1,0,0,0,1
0.4166666666666667,0,0,1,0,0,0,1
0.36666666666666664,0,0,1,0,0,0,1
0.4166666666666667,0,0,1,0,0,0,1
0.3,0,0,1,1,0,0,0
0.4166666666666667,0,0,1,0,1,0,0
0.2833333333333333,0,0,1,1,0,0,0
0.4166666666666667,0,0,1,0,0,1,0
0.35,0,0,1,0,0,1,0
0.3,0,0,1,0,1,0,0
0.36666666666666664,0,0,1,0,1,0,0
0.31666666666666665,0,0,1,1,0,0,0
0.31666666666666665,0,0,1,0,0,0,1
0.95,0,1,0,0,0,1,0
0.38333333333333336,0,0,1,1,0,0,0
0.2833333333333333,0,0,1,0,1,0,0
0.2833333333333333,0,0,1,0,0,0,1
0.4166666666666667,0,0,1,0,1,0,0
0.3333333333333333,0,0,1,0,1,0,0
0.3333333333333333,0,0,1,0,0,1,0
0.2833333333333333,0,0,1,1,0,0,0
0.38333333333333336,0,0,1,0,0,0,1
0.3,0,0,1,0,0,0,1
0.2833333333333333,0,0,1,1,0,0,0
0.3333333333333333,0,0,1,1,0,0,0
0.2833333333333333,0,0,1,0,0,1,0
0.95,0,1,0,0,0,1,0
0.31666666666666665,0,0,1,1,0,0,0
0.85,0,1,0,1,0,0,0
0.3,0,0,1,0,1,0,0
0.4166666666666667,0,0,1,0,1,0,0
0.2833333333333333,0,0,1,0,0,0,1
0.4,0,0,1,0,0,1,0
0.35,0,0,1,1,0,0,0
0.4166666666666667,0,0,1,1,0,0,0
0.36666666666666664,0,0,1,0,0,1,0
0.35,0,0,1,0,0,1,0
0.4166666666666667,0,0,1,0,0,0,1
0.31666666666666665,0,0,1,1,0,0,0
0.38333333333333336,0,0,1,0,1,0,0
0.4166666666666667,0,0,1,0,0,1,0
0.4166666666666667,0,0,1,0,0,0,1
0.4166666666666667,0,0,1,0,0,1,0
0.38333333333333336,0,0,1,0,0,0,1
0.3333333333333333,0,0,1,0,0,1,0
0.4,0,0,1,0,0,1,0
0.8333333333333334,0,1,0,0,0,0,1
0.35,0,0,1,0,0,0,1
0.36666666666666664,0,0,1,0,0,1,0
0.4,0,0,1,1,0,0,0
0.3,0,0,1,0,0,1,0
0.31666666666666665,0,0,1,0,0,0,1
0.2833333333333333,0,0,1,0,0,0,1
0.31666666666666665,0,0,1,0,0,0,1
0.31666666666666665,0,0,1,0,0,1,0
0.36666666666666664,0,0,1,0,0,0,1
0.31666666666666665,0,0,1,0,0,0,1
0.3,0,0,1,0,0,0,1
0.3333333333333333,0,0,1,0,1,0,0
0.6333333333333333,0,1,0,1,0,0,0
0.2833333333333333,0,0,1,0,1,0,0
0.31666666666666665,0,0,1,1,0,0,0
0.31666666666666665,0,0,1,0,0,1,0
0.4166666666666667,0,0,1,0,0,0,1
0.31666666666666665,0,0,1,1,0,0,0
0.35,0,0,1,1,0,0,0
0.3,0,0,1,1,0,0,0
0.4,0,0,1,1,0,0,0
0.3,0,0,1,0,0,1,0
0.4,0,0,1,0,1,0,0
0.2833333333333333,0,0,1,0,0,0,1
0.38333333333333336,0,0,1,0,0,1,0
0.31666666666666665,0,0,1,0,1,0,0
0.2833333333333333,0,0,1,0,0,0,1
0.2833333333333333,0,0,1,0,0,1,0
0.35,0,0,1,1,0,0,0
0.4,0,0,1,0,0,1,0
0.5,0,1,0,1,0,0,0
0.3,0,0,1,0,1,0,0
0.3333333333333333,0,0,1,0,0,0,1
0.35,0,0,1,0,0,1,0
0.9833333333333333,0,1,0,1,0,0,0
0.7,0,1,0,0,1,0,0
0.31666666666666665,0,0,1,0,0,1,0
0.4166666666666667,0,0,1,1,0,0,0
0.3,0,0,1,1,0,0,0
0.31666666666666665,0,0,1,0,1,0,0
0.4166666666666667,0,0,1,0,0,0,1
0.38333333333333336,0,0,1,0,0,1,0
0.2833333333333333,0,0,1,0,0,1,0
0.2833333333333333,0,0,1,0,0,1,0
0.2833333333333333,0,0,1,0,0,0,1
0.2833333333333333,0,0,1,0,1,0,0
0.36666666666666664,0,0,1,1,0,0,0
0.36666666666666664,0,0,1,0,0,0,1
0.3333333333333333,0,0,1,0,1,0,0
0.3333333333333333,0,0,1,0,0,0,1
0.31666666666666665,0,0,1,1,0,0,0
0.3333333333333333,0,0,1,1,0,0,0
0.3,0,0,1,0,0,1,0
0.4,0,0,1,0,0,0,1
0.2833333333333333,0,0,1,1,0,0,0
0.3333333333333333,0,0,1,0,0,1,0
0.2833333333333333,0,0,1,0,0,1,0
0.5666666666666667,0,1,0,1,0,0,0
0.3333333333333333,0,0,1,0,0,0,1
0.38333333333333336,0,0,1,0,1,0,0
0.3333333333333333,0,0,1,0,0,1,0
0.3333333333333333,0,0,1,0,1,0,0
0.2833333333333333,0,0,1,0,0,1,0
0.31666666666666665,0,0,1,0,0,1,0
0.35,0,0,1,0,0,0,1
0.3333333333333333,0,0,1,0,1,0,0
0.36666666666666664,0,0,1,0,0,0,1
0.36666666666666664,0,0,1,0,1,0,0
0.38333333333333336,0,0,1,0,1,0,0
0.31666666666666665,0,0,1,0,1,0,0
0.2833333333333333,0,0,1,0,0,0,1
0.4,0,0,1,0,0,1,0
0.6666666666666666,0,1,0,0,1,0,0
0.36666666666666664,0,0,1,1,0,0,0
0.31666666666666665,0,0,1,0,0,1,0
0.38333333333333336,0,0,1,0,0,0,1
0.8666666666666667,0,1,0,0,1,0,0
0.4166666666666667,0,0,1,0,1,0,0
0.5,0,1,0,0,0,1,0
0.31666666666666665,0,0,1,0,1,0,0
0.31666666666666665,0,0,1,0,0,0,1
0.36666666666666664,0,0,1,0,1,0,0
0.8333333333333334,0,1,0,0,0,1,0
0.4166666666666667,0,0,1,1,0,0,0
0.3333333333333333,0,0,1,0,0,1,0
0.35,0,0,1,0,0,1,0
0.36666666666666664,0,0,1,0,1,0,0
0.4,0,0,1,0,0,1,0
0.31666666666666665,0,0,1,0,1,0,0
0.36666666666666664,0,0,1,0,1,0,0
0.4166666666666667,0,0,1,1,0,0,0
0.36666666666666664,0,0,1,0,1,0,0
0.4166666666666667,0,0,1,0,1,0,0
0.9333333333333333,0,1,0,0,1,0,0
0.4,0,0,1,1,0,0,0
0.2833333333333333,0,0,1,0,0,1,0
0.4166666666666667,0,0,1,0,0,1,0
0.3,0,0,1,0,1,0,0
0.3,0,0,1,1,0,0,0
0.3333333333333333,0,0,1,1,0,0,0
0.38333333333333336,0,0,1,0,1,0,0
0.4,0,0,1,0,0,0,1
0.38333333333333336,0,0,1,1,0,0,0
0.55,0,1,0,0,1,0,0
0.8666666666666667,0,1,0,1,0,0,0
0.35,0,0,1,0,1,0,0
0.2833333333333333,0,0,1,0,1,0,0
0.36666666666666664,0,0,1,0,0,1,0
0.3333333333333333,0,0,1,0,0,0,1
0.4166666666666667,0,0,1,0,1,0,0
0.3333333333333333,0,0,1,0,0,1,0
0.4166666666666667,0,0,1,0,1,0,0
0.3333333333333333,0,0,1,0,0,0,1
0.3333333333333333,0,0,1,1,0,0,0
0.35,0,0,1,0,1,0,0
0.2833333333333333,0,0,1,1,0,0,0
0.4,0,0,1,0,0,1,0
0.4166666666666667,0,0,1,0,0,0,1
0.36666666666666664,0,0,1,0,0,0,1
0.3,0,0,1,0,1,0,0
0.38333333333333336,0,0,1,0,0,1,0
0.8,0,1,0,1,0,0,0
0.36666666666666664,0,0,1,0,0,1,0
0.3333333333333333,0,0,1,0,1,0,0
0.2833333333333333,0,0,1,0,1,0,0
0.2833333333333333,0,0,1,0,0,0,1
0.36666666666666664,0,0,1,0,0,0,1
0.3333333333333333,0,0,1,0,0,1,0
0.3,0,0,1,0,0,1,0
0.31666666666666665,0,0,1,0,0,0,1
0.2833333333333333,0,0,1,1,0,0,0
0.9333333333333333,0,1,0,1,0,0,0
0.4,0,0,1,0,0,1,0
0.2833333333333333,0,0,1,1,0,0,0
0.4,0,0,1,0,1,0,0
0.38333333333333336,0,0,1,0,1,0,0
0.2833333333333333,0,0,1,1,0,0,0
0.3,0,0,1,0,0,1,0
0.3333333333333333,0,0,1,0,1,0,0
0.9833333333333333,0,1,0,1,0,0,0
0.4166666666666667,0,0,1,0,1,0,0
0.3,0,0,1,0,0,1,0
0.7833333333333333,0,1,0,0,0,0,1
0.35,0,0,1,1,0,0,0
0.4166666666666667,0,0,1,0,0,1,0
0.31666666666666665,0,0,1,0,0,0,1
0.4166666666666667,0,0,1,0,0,0,1
0.35,0,0,1,0,1,0,0
0.38333333333333336,0,0,1,0,1,0,0
0.3333333333333333,0,0,1,0,0,0,1
0.4,0,0,1,0,1,0,0
0.3,0,0,1,0,1,0,0
0.7166666666666667,0,1,0,1,0,0,0
0.35,0,0,1,0,0,0,1
0.36666666666666664,0,0,1,1,0,0,0
0.3,0,0,1,0,0,0,1
0.3,0,0,1,0,0,0,1
0.3,0,0,1,0,0,1,0
0.38333333333333336,0,0,1,0,0,1,0
0.31666666666666665,0,0,1,0,1,0,0
0.31666666666666665,0,0,1,0,0,1,0
0.35,0,0,1,0,1,0,0
0.38333333333333336,0,0,1,0,0,0,1
0.6166666666666667,0,1,0,0,0,1,0
0.3333333333333333,0,0,1,1,0,0,0
0.6166666666666667,0,1,0,0,0,0,1
0.3333333333333333,0,0,1,0,0,1,0
0.31666666666666665,0,0,1,0,1,0,0
0.3333333333333333,0,0,1,0,0,1,0
0.31666666666666665,0,0,1,0,1,0,0
0.95,0,1,0,0,1,0,0
0.2833333333333333,0,0,1,0,0,0,1
0.35,0,0,1,0,0,0,1
0.3,0,0,1,1,0,0,0
0.31666666666666665,0,0,1,0,1,0,0
0.2833333333333333,0,0,1,0,1,0,0
1.0,0,1,0,0,1,0,0
0.9166666666666666,0,1,0,0,0,1,0
0.3333333333333333,0,0,1,0,0,0,1
0.3333333333333333,0,0,1,0,0,0,1
0.2833333333333333,0,0,1,0,0,1,0
0.4,0,0,1,0,1,0,0
0.36666666666666664,0,0,1,0,0,1,0
0.65,0,1,0,0,0,1,0
0.35,0,0,1,1,0,0,0
0.36666666666666664,0,0,1,0,1,0,0
0.4166666666666667,0,0,1,0,0,0,1
0.3333333333333333,0,0,1,0,0,1,0
0.3,0,0,1,0,1,0,0
0.4,0,0,1,0,1,0,0
0.3333333333333333,0,0,1,0,0,1,0
0.35,0,0,1,0,0,0,1
0.5833333333333334,0,1,0,1,0,0,0
0.4166666666666667,0,0,1,0,0,1,0
0.3333333333333333,0,0,1,0,0,0,1
0.35,0,0,1,1,0,0,0
0.36666666666666664,0,0,1,0,0,1,0
0.2833333333333333,0,0,1,0,0,1,0
0.35,0,0,1,0,1,0,0
0.35,0,0,1,0,0,0,1
0.31666666666666665,0,0,1,0,0,0,1
0.2833333333333333,0,0,1,0,0,1,0
0.3333333333333333,0,0,1,1,0,0,0
0.3,0,0,1,0,0,1,0
0.31666666666666665,0,0,1,0,0,1,0
0.31666666666666665,0,0,1,1,0,0,0
0.35,0,0,1,0,1,0,0
0.3,0,0,1,0,0,0,1
0.4166666666666667,0,0,1,0,0,0,1
0.75,0,1,0,0,1,0,0
0.2833333333333333,0,0,1,0,1,0,0
0.31666666666666665,0,0,1,0,1,0,0
0.4,0,0,1,0,1,0,0
0.31666666666666665,0,0,1,0,1,0,0
0.35,0,0,1,0,0,0,1
0.4166666666666667,0,0,1,0,0,0,1
0.4,0,0,1,1,0,0,0
0.3333333333333333,0,0,1,0,0,0,1
0.4166666666666667,0,0,1,0,0,0,1
0.35,0,0,1,0,0,1,0
0.31666666666666665,0,0,1,0,0,0,1
0.4166666666666667,0,0,1,0,1,0,0
0.4,0,0,1,1,0,0,0
0.2833333333333333,0,0,1,0,1,0,0
0.3,0,0,1,0,0,0,1
0.38333333333333336,0,0,1,0,1,0,0
0.3,0,0,1,0,0,1,0
0.9833333333333333,0,1,0,0,0,1,0
0.35,0,0,1,0,1,0,0
0.4166666666666667,0,0,1,0,0,0,1
0.3333333333333333,0,0,1,0,1,0,0
0.7333333333333333,0,1,0,1,0,0,0
0.3333333333333333,0,0,1,0,1,0,0
0.2833333333333333,0,0,1,0,1,0,0
0.2833333333333333,0,0,1,0,0,0,1
0.38333333333333336,0,0,1,0,0,1,0
0.2833333333333333,0,0,1,0,0,0,1
0.2833333333333333,0,0,1,0,0,0,1
0.4,0,0,1,0,1,0,0
0.36666666666666664,0,0,1,0,1,0,0
0.3,0,0,1,0,0,0,1
0.35,0,0,1,0,0,0,1
0.3333333333333333,0,0,1,0,0,0,1
0.3333333333333333,0,0,1,0,1,0,0
0.31666666666666665,0,0,1,0,1,0,0
0.3,0,0,1,0,0,1,0
0.35,0,0,1,0,0,0,1
0.36666666666666664,0,0,1,0,1,0,0
0.3,0,0,1,0,1,0,0
0.3333333333333333,0,0,1,0,0,1,0
0.31666666666666665,0,0,1,0,0,1,0
0.31666666666666665,0,0,1,0,0,0,1
0.3333333333333333,0,0,1,0,1,0,0
0.3,0,0,1,1,0,0,0
0.3333333333333333,0,0,1,0,0,0,1
0.35,0,0,1,0,1,0,0
0.3333333333333333,0,0,1,0,1,0,0
0.4,0,0,1,1,0,0,0
0.35,0,0,1,0,0,0,1
0.31666666666666665,0,0,1,0,0,0,1
0.2833333333333333,0,0,1,0,0,1,0
0.38333333333333336,0,0,1,0,0,0,1
0.3333333333333333,0,0,1,0,0,1,0
0.35,0,0,1,1,0,0,0
0.36666666666666664,0,0,1,1,0,0,0
0.36666666666666664,0,0,1,0,1,0,0
0.35,0,0,1,0,0,0,1
0.38333333333333336,0,0,1,0,0,0,1
0.4166666666666667,0,0,1,1,0,0,0
0.38333333333333336,0,0,1,1,0,0,0
0.3,0,0,1,0,1,0,0
0.36666666666666664,0,0,1,1,0,0,0
0.2833333333333333,0,0,1,0,0,1,0
0.3,0,0,1,1,0,0,0
0.2833333333333333,0,0,1,0,0,1,0
0.4166666666666667,0,0,1,1,0,0,0
0.6166666666666667,0,1,0,0,0,1,0
0.4,0,0,1,1,0,0,0
0.36666666666666664,0,0,1,1,0,0,0
0.31666666666666665,0,0,1,0,0,0,1
0.3333333333333333,0,0,1,0,0,1,0
0.38333333333333336,0,0,1,0,0,1,0
0.36666666666666664,0,0,1,1,0,0,0
0.31666666666666665,0,0,1,0,0,0,1
0.2833333333333333,0,0,1,0,1,0,0
0.4,0,0,1,0,0,0,1
0.2833333333333333,0,0,1,1,0,0,0
0.3,0,0,1,0,1,0,0
0.31666666666666665,0,0,1,0,1,0,0
0.38333333333333336,0,0,1,0,0,0,1
0.3,0,0,1,0,1,0,0
0.7333333333333333,0,1,0,0,0,0,1
0.4,0,0,1,0,0,0,1
0.31666666666666665,0,0,1,1,0,0,0
0.38333333333333336,0,0,1,1,0,0,0
0.36666666666666664,0,0,1,1,0,0,0
0.35,0,0,1,0,0,1,0
1.0,0,1,0,1,0,0,0
0.36666666666666664,0,0,1,0,1,0,0
0.3,0,0,1,0,0,0,1
0.36666666666666664,0,0,1,0,0,1,0
0.4166666666666667,0,0,1,0,0,0,1
0.5666666666666667,0,1,0,0,0,0,1
0.8333333333333334,0,1,0,1,0,0,0
0.8833333333333333,1,0,0,0,0,1,0
0.4166666666666667,0,0,1,1,0,0,0
0.3,0,0,1,0,0,0,1
0.4,0,0,1,0,1,0,0
0.85,0,1,0,0,1,0,0
0.3333333333333333,0,0,1,1,0,0,0
0.2833333333333333,0,0,1,0,0,1,0
0.36666666666666664,0,0,1,0,1,0,0
0.35,0,0,1,0,0,1,0
0.2833333333333333,0,0,1,0,0,0,1
0.3,0,0,1,0,0,1,0
0.3,0,0,1,0,0,1,0
0.6,0,1,0,0,0,0,1
0.3333333333333333,0,0,1,0,0,0,1
0.4166666666666667,0,0,1,0,1,0,0
0.4166666666666667,0,0,1,1,0,0,0
0.3333333333333333,0,0,1,0,0,1,0
0.2833333333333333,0,0,1,0,1,0,0
0.4166666666666667,0,0,1,1,0,0,0
0.4166666666666667,0,0,1,0,1,0,0
0.4166666666666667,0,0,1,0,1,0,0
0.3333333333333333,0,0,1,1,0,0,0
0.3,0,0,1,1,0,0,0
0.35,0,0,1,0,1,0,0
0.4166666666666667,0,0,1,1,0,0,0
0.4166666666666667,0,0,1,0,0,1,0
0.31666666666666665,0,0,1,0,0,0,1
0.35,0,0,1,0,0,0,1
0.3,0,0,1,1,0,0,0
0.38333333333333336,0,0,1,0,0,0,1
0.3333333333333333,0,0,1,0,1,0,0
0.36666666666666664,0,0,1,0,1,0,0
0.4166666666666667,0,0,1,0,0,1,0
0.4,0,0,1,1,0,0,0
0.35,0,0,1,0,0,1,0
0.85,0,1,0,1,0,0,0
0.2833333333333333,0,0,1,0,0,0,1
0.3,0,0,1,0,1,0,0
0.36666666666666664,0,0,1,0,0,0,1
0.4,0,0,1,0,0,0,1
0.4,0,0,1,1,0,0,0
0.6833333333333333,0,1,0,0,1,0,0
0.3,0,0,1,0,0,0,1
0.7833333333333333,0,1,0,0,1,0,0
0.4,0,0,1,0,0,0,1
0.38333333333333336,0,0,1,0,1,0,0
0.4,0,0,1,1,0,0,0
1.0,0,1,0,0,0,0,1
0.5666666666666667,0,1,0,0,0,1,0
0.31666666666666665,0,0,1,0,0,1,0
0.3,0,0,1,0,0,1,0
0.3,0,0,1,0,1,0,0
0.3333333333333333,0,0,1,1,0,0,0
0.31666666666666665,0,0,1,0,0,0,1
0.3,0,0,1,1,0,0,0
0.38333333333333336,0,0,1,0,0,1,0
0.35,0,0,1,0,1,0,0
0.38333333333333336,0,0,1,1,0,0,0
0.38333333333333336,0,0,1,0,0,0,1
0.9666666666666667,0,1,0,0,0,1,0
0.3333333333333333,0,0,1,0,0,0,1
0.38333333333333336,0,0,1,0,0,0,1
0.31666666666666665,0,0,1,0,0,1,0
0.35,0,0,1,0,0,1,0
0.3,0,0,1,0,1,0,0
0.36666666666666664,0,0,1,0,0,1,0
0.35,0,0,1,0,0,1,0
0.6166666666666667,0,1,0,0,0,0,1
0.31666666666666665,0,0,1,0,0,0,1
0.85,0,1,0,1,0,0,0
0.4,0,0,1,0,0,0,1
0.35,0,0,1,0,1,0,0
0.3333333333333333,0,0,1,1,0,0,0
0.4,0,0,1,0,0,1,0
0.4,0,0,1,0,0,0,1
0.38333333333333336,0,0,1,0,0,0,1
0.31666666666666665,0,0,1,0,1,0,0
0.38333333333333336,0,0,1,0,1,0,0
0.38333333333333336,0,0,1,0,0,0,1
0.36666666666666664,0,0,1,0,0,0,1
0.36666666666666664,0,0,1,0,0,0,1
0.2833333333333333,0,0,1,0,1,0,0
0.31666666666666665,0,0,1,0,0,1,0
0.38333333333333336,0,0,1,0,0,1,0
0.4166666666666667,0,0,1,0,0,0,1
0.3,0,0,1,0,0,1,0
0.55,0,1,0,0,1,0,0
0.31666666666666665,0,0,1,0,0,1,0
0.2833333333333333,0,0,1,0,0,1,0
0.7666666666666667,0,1,0,1,0,0,0
0.95,0,1,0,1,0,0,0
0.3,0,0,1,0,0,1,0
0.36666666666666664,0,0,1,0,0,0,1
0.4166666666666667,0,0,1,0,0,0,1
0.31666666666666665,0,0,1,0,0,1,0
0.85,0,1,0,1,0,0,0
0.36666666666666664,0,0,1,0,1,0,0
0.35,0,0,1,0,0,1,0
0.4166666666666667,0,0,1,0,1,0,0
0.4,0,0,1,0,0,0,1
0.4166666666666667,0,0,1,0,1,0,0
0.4166666666666667,0,0,1,0,1,0,0
0.4,0,0,1,0,1,0,0
0.36666666666666664,0,0,1,0,1,0,0
0.2833333333333333,0,0,1,0,1,0,0
0.36666666666666664,0,0,1,0,1,0,0
0.4166666666666667,0,0,1,0,0,1,0
0.3,0,0,1,0,0,1,0
0.31666666666666665,0,0,1,0,0,1,0
0.35,0,0,1,0,0,0,1
0.3333333333333333,0,0,1,0,0,0,1
0.36666666666666664,0,0,1,0,1,0,0
0.8166666666666667,0,1,0,0,1,0,0
0.3,0,0,1,1,0,0,0
0.3333333333333333,0,0,1,0,0,1,0
0.2833333333333333,0,0,1,0,1,0,0
0.3,0,0,1,1,0,0,0
0.4,0,0,1,0,0,1,0
0.5166666666666667,0,1,0,0,0,1,0
0.3,0,0,1,0,0,1,0
0.8166666666666667,0,1,0,0,1,0,0
0.3333333333333333,0,0,1,1,0,0,0
0.3,0,0,1,0,1,0,0
0.35,0,0,1,0,1,0,0
0.4166666666666667,0,0,1,1,0,0,0
0.3,0,0,1,0,0,0,1
0.35,0,0,1,1,0,0,0
0.38333333333333336,0,0,1,0,1,0,0
0.3,0,0,1,0,0,1,0
0.2833333333333333,0,0,1,0,0,1,0
0.31666666666666665,0,0,1,0,1,0,0
0.38333333333333336,0,0,1,0,0,0,1
0.3,0,0,1,0,0,1,0
0.35,0,0,1,0,0,0,1
0.3,0,0,1,0,0,0,1
0.8166666666666667,0,1,0,0,1,0,0
0.38333333333333336,0,0,1,0,0,0,1
0.4166666666666667,0,0,1,0,1,0,0
0.38333333333333336,0,0,1,0,1,0,0
0.2833333333333333,0,0,1,1,0,0,0
0.4,0,0,1,0,0,1,0
0.36666666666666664,0,0,1,0,0,1,0
0.31666666666666665,0,0,1,0,0,0,1
0.3,0,0,1,0,0,1,0
0.31666666666666665,0,0,1,0,0,1,0
0.38333333333333336,0,0,1,1,0,0,0
0.38333333333333336,0,0,1,0,0,1,0
0.36666666666666664,0,0,1,0,1,0,0
0.4,0,0,1,0,1,0,0
0.31666666666666665,0,0,1,0,0,1,0
0.4166666666666667,0,0,1,0,0,0,1
0.75,0,1,0,0,1,0,0
0.3,0,0,1,0,0,0,1
0.4166666666666667,0,0,1,0,0,1,0
0.38333333333333336,0,0,1,0,0,1,0
0.3333333333333333,0,0,1,0,0,1,0
0.2833333333333333,0,0,1,0,1,0,0
0.4,0,0,1,1,0,0,0
0.31666666666666665,0,0,1,1,0,0,0
0.3333333333333333,0,0,1,0,0,0,1
0.3333333333333333,0,0,1,0,0,1,0
0.2833333333333333,0,0,1,0,1,0,0
0.36666666666666664,0,0,1,1,0,0,0
0.4166666666666667,0,0,1,0,0,1,0
0.4166666666666667,0,0,1,0,0,1,0
0.4,0,0,1,0,0,0,1
0.3,0,0,1,0,1,0,0
0.35,0,0,1,0,0,1,0
0.2833333333333333,0,0,1,0,1,0,0
0.2833333333333333,0,0,1,0,1,0,0
0.3333333333333333,0,0,1,1,0,0,0
0.4,0,0,1,1,0,0,0
0.4,0,0,1,0,1,0,0
0.3,0,0,1,0,1,0,0
0.3333333333333333,0,0,1,0,1,0,0
0.9166666666666666,0,1,0,0,1,0,0
0.4,0,0,1,0,1,0,0
0.4166666666666667,0,0,1,0,0,0,1
0.4,0,0,1,0,1,0,0
0.38333333333333336,0,0,1,0,0,0,1
0.36666666666666664,0,0,1,1,0,0,0
0.31666666666666665,0,0,1,1,0,0,0
0.4166666666666667,0,0,1,0,0,1,0
0.9,0,1,0,1,0,0,0
0.4,0,0,1,0,1,0,0
0.3333333333333333,0,0,1,1,0,0,0
0.4166666666666667,0,0,1,0,0,1,0
0.4166666666666667,0,0,1,0,0,0,1
0.31666666666666665,0,0,1,1,0,0,0
0.38333333333333336,0,0,1,0,0,0,1
0.2833333333333333,0,0,1,0,1,0,0
0.36666666666666664,0,0,1,0,1,0,0
0.36666666666666664,0,0,1,0,0,0,1
0.7166666666666667,0,1,0,0,1,0,0
0.75,0,1,0,0,1,0,0
0.36666666666666664,0,0,1,0,1,0,0
0.85,0,1,0,0,0,1,0
0.55,0,1,0,0,1,0,0
0.3333333333333333,0,0,1,0,0,0,1
0.3,0,0,1,0,0,0,1
0.2833333333333333,0,0,1,0,0,1,0
0.2833333333333333,0,0,1,1,0,0,0
0.4166666666666667,0,0,1,0,1,0,0
0.38333333333333336,0,0,1,0,0,1,0
0.4,0,0,1,0,0,1,0
0.2833333333333333,0,0,1,0,0,0,1
0.4,0,0,1,0,1,0,0
0.4166666666666667,0,0,1,1,0,0,0
0.65,0,1,0,0,1,0,0
0.4166666666666667,0,0,1,0,0,1,0
0.35,0,0,1,1,0,0,0
0.4,0,0,1,0,0,0,1
0.35,0,0,1,1,0,0,0
0.3333333333333333,0,0,1,0,0,0,1
0.31666666666666665,0,0,1,0,1,0,0
0.4,0,0,1,1,0,0,0
0.3333333333333333,0,0,1,0,1,0,0
0.4166666666666667,0,0,1,0,0,1,0
0.2833333333333333,0,0,1,0,1,0,0
0.4166666666666667,0,0,1,0,0,0,1
0.38333333333333336,0,0,1,0,0,1,0
0.38333333333333336,0,0,1,1,0,0,0
0.3,0,0,1,0,0,0,1
0.4,0,0,1,0,1,0,0
0.4166666666666667,0,0,1,0,1,0,0
0.4,0,0,1,0,0,0,1
0.3,0,0,1,0,0,0,1
0.38333333333333336,0,0,1,0,0,0,1
0.3,0,0,1,1,0,0,0
0.2833333333333333,0,0,1,0,0,1,0
0.35,0,0,1,0,0,1,0
0.36666666666666664,0,0,1,0,0,0,1
0.7666666666666667,0,1,0,1,0,0,0
0.4166666666666667,0,0,1,0,0,0,1
0.2833333333333333,0,0,1,1,0,0,0
0.36666666666666664,0,0,1,1,0,0,0
0.3333333333333333,0,0,1,0,1,0,0
0.8833333333333333,0,1,0,1,0,0,0
0.35,0,0,1,1,0,0,0
0.38333333333333336,0,0,1,0,1,0,0
0.36666666666666664,0,0,1,0,0,1,0
0.35,0,0,1,0,0,1,0
0.36666666666666664,0,0,1,0,0,0,1
0.35,0,0,1,1,0,0,0
0.7166666666666667,0,1,0,0,0,1,0
0.35,0,0,1,0,1,0,0
0.36666666666666664,0,0,1,0,0,0,1
0.35,0,0,1,0,0,1,0
0.2833333333333333,0,0,1,0,0,1,0
0.31666666666666665,0,0,1,0,1,0,0
0.3,0,0,1,1,0,0,0
0.3333333333333333,0,0,1,1,0,0,0
0.3,0,0,1,1,0,0,0
0.3333333333333333,0,0,1,0,1,0,0
0.4166666666666667,0,0,1,1,0,0,0
0.3333333333333333,0,0,1,0,1,0,0
0.38333333333333336,0,0,1,0,0,0,1
0.36666666666666664,0,0,1,0,0,0,1
0.38333333333333336,0,0,1,0,1,0,0
0.4166666666666667,0,0,1,0,0,1,0
0.8,0,1,0,0,1,0,0
0.31666666666666665,0,0,1,0,0,0,1
0.31666666666666665,0,0,1,0,0,0,1
0.38333333333333336,0,0,1,1,0,0,0
0.2833333333333333,0,0,1,1,0,0,0
0.4,0,0,1,0,0,0,1
0.4,0,0,1,0,1,0,0
0.8666666666666667,0,1,0,0,1,0,0
0.35,0,0,1,0,1,0,0
0.8,0,1,0,0,0,0,1
0.35,0,0,1,0,0,1,0
0.3,0,0,1,1,0,0,0
0.38333333333333336,0,0,1,1,0,0,0
0.4,0,0,1,1,0,0,0
0.38333333333333336,0,0,1,0,0,0,1
0.4166666666666667,0,0,1,0,0,1,0
0.38333333333333336,0,0,1,0,0,0,1
0.4,0,0,1,0,0,1,0
0.4,0,0,1,0,0,0,1
0.3333333333333333,0,0,1,0,0,1,0
0.4166666666666667,0,0,1,0,0,1,0
0.31666666666666665,0,0,1,0,0,1,0
0.3,0,0,1,0,0,0,1
0.35,0,0,1,1,0,0,0
0.35,0,0,1,0,1,0,0
0.3,0,0,1,0,1,0,0
0.2833333333333333,0,0,1,0,0,0,1
0.36666666666666664,0,0,1,1,0,0,0
0.3,0,0,1,0,0,1,0
0.4,0,0,1,0,1,0,0
0.4166666666666667,0,0,1,0,0,0,1
0.4,0,0,1,0,1,0,0
0.3,0,0,1,0,0,0,1
0.4,0,0,1,0,0,0,1
0.4,0,0,1,0,0,0,1
0.36666666666666664,0,0,1,0,0,1,0
0.3333333333333333,0,0,1,0,0,1,0
0.31666666666666665,0,0,1,0,0,1,0
0.3333333333333333,0,0,1,0,1,0,0
0.36666666666666664,0,0,1,1,0,0,0
0.31666666666666665,0,0,1,0,1,0,0
0.4166666666666667,0,0,1,0,0,0,1
0.38333333333333336,0,0,1,0,0,0,1
0.3333333333333333,0,0,1,0,1,0,0
0.2833333333333333,0,0,1,0,1,0,0
0.36666666666666664,0,0,1,0,0,1,0
0.9666666666666667,0,1,0,1,0,0,0
0.3,0,0,1,0,1,0,0
0.31666666666666665,0,0,1,0,0,1,0
0.36666666666666664,0,0,1,0,0,1,0
0.4,0,0,1,0,0,1,0
0.38333333333333336,0,0,1,0,0,0,1
0.4,0,0,1,0,0,0,1
0.31666666666666665,0,0,1,0,0,1,0
0.2833333333333333,0,0,1,0,0,1,0
0.9333333333333333,0,1,0,0,1,0,0
0.3333333333333333,0,0,1,0,1,0,0
0.3,0,0,1,0,1,0,0
0.3333333333333333,0,0,1,0,0,1,0
0.4166666666666667,0,0,1,0,0,0,1
0.4,0,0,1,0,0,0,1
0.2833333333333333,0,0,1,0,0,1,0
0.35,0,0,1,1,0,0,0
0.4166666666666667,0,0,1,0,0,0,1
0.9,0,1,0,0,0,1,0
0.3333333333333333,0,0,1,1,0,0,0
0.3,0,0,1,0,1,0,0
0.3,0,0,1,0,0,1,0
0.3333333333333333,0,0,1,0,1,0,0
0.36666666666666664,0,0,1,0,0,0,1
0.38333333333333336,0,0,1,1,0,0,0
0.3333333333333333,0,0,1,0,0,0,1
0.35,0,0,1,0,0,0,1
0.4166666666666667,0,0,1,0,0,0,1
0.2833333333333333,0,0,1,1,0,0,0
0.4166666666666667,0,0,1,0,0,0,1
0.2833333333333333,0,0,1,1,0,0,0
0.31666666666666665,0,0,1,0,0,1,0
0.4166666666666667,0,0,1,1,0,0,0
0.36666666666666664,0,0,1,0,0,1,0
0.3333333333333333,0,0,1,0,1,0,0
0.3333333333333333,0,0,1,1,0,0,0
0.4,0,0,1,1,0,0,0
0.4,0,0,1,0,0,1,0
0.36666666666666664,0,0,1,0,0,1,0
0.2833333333333333,0,0,1,0,0,1,0
0.3333333333333333,0,0,1,0,1,0,0
0.4166666666666667,0,0,1,0,1,0,0
0.3,0,0,1,1,0,0,0
0.95,0,1,0,0,0,1,0
0.2833333333333333,0,0,1,0,0,0,1
0.3333333333333333,0,0,1,1,0,0,0
0.3,0,0,1,0,0,1,0
0.3,0,0,1,0,0,0,1
0.8333333333333334,0,1,0,0,1,0,0
0.31666666666666665,0,0,1,0,0,0,1
0.36666666666666664,0,0,1,0,1,0,0
0.38333333333333336,0,0,1,0,0,0,1
0.3,0,0,1,1,0,0,0
0.36666666666666664,0,0,1,0,1,0,0
0.4,0,0,1,0,0,0,1
0.38333333333333336,0,0,1,0,0,1,0
0.3,0,0,1,0,0,0,1
0.3333333333333333,0,0,1,0,0,1,0
0.4,0,0,1,0,0,1,0
0.36666666666666664,0,0,1,0,1,0,0
0.36666666666666664,0,0,1,0,0,1,0
0.2833333333333333,0,0,1,0,0,0,1
0.4166666666666667,0,0,1,0,0,0,1
0.9833333333333333,0,1,0,1,0,0,0
0.35,0,0,1,0,0,1,0
0.3,0,0,1,0,0,0,1
0.3,0,0,1,0,1,0,0
0.31666666666666665,0,0,1,0,0,1,0
0.38333333333333336,0,0,1,0,1,0,0
0.31666666666666665,0,0,1,0,1,0,0
0.35,0,0,1,1,0,0,0
0.4166666666666667,0,0,1,0,0,0,1
0.4166666666666667,0,0,1,0,0,1,0
0.36666666666666664,0,0,1,0,0,1,0
0.4166666666666667,0,0,1,1,0,0,0
0.2833333333333333,0,0,1,0,1,0,0
0.3333333333333333,0,0,1,0,0,0,1
0.5333333333333333,0,1,0,1,0,0,0
0.4,0,0,1,0,1,0,0
0.3333333333333333,0,0,1,0,0,1,0
0.3333333333333333,0,0,1,1,0,0,0
0.31666666666666665,0,0,1,0,1,0,0
0.4166666666666667,0,0,1,0,0,1,0
0.4,0,0,1,0,1,0,0
0.36666666666666664,0,0,1,1,0,0,0
0.3333333333333333,0,0,1,1,0,0,0
0.3333333333333333,0,0,1,0,0,0,1
0.4,0,0,1,1,0,0,0
0.2833333333333333,0,0,1,0,0,0,1
0.4166666666666667,0,0,1,0,0,0,1
0.2833333333333333,0,0,1,0,0,0,1
0.35,0,0,1,0,0,1,0
0.38333333333333336,0,0,1,1,0,0,0
0.4166666666666667,0,0,1,0,0,0,1
0.36666666666666664,0,0,1,0,0,1,0
0.38333333333333336,0,0,1,0,1,0,0
0.36666666666666664,0,0,1,0,1,0,0
0.2833333333333333,0,0,1,0,0,0,1
0.3333333333333333,0,0,1,1,0,0,0
0.3,0,0,1,1,0,0,0
0.35,0,0,1,0,1,0,0
0.2833333333333333,0,0,1,0,1,0,0
0.3,0,0,1,0,0,0,1
0.75,0,1,0,1,0,0,0
0.4166666666666667,0,0,1,0,0,0,1
0.31666666666666665,0,0,1,0,0,1,0
0.4,0,0,1,1,0,0,0
0.65,0,1,0,0,1,0,0
0.2833333333333333,0,0,1,1,0,0,0
0.35,0,0,1,0,1,0,0
0.4166666666666667,0,0,1,0,1,0,0
0.3,0,0,1,0,0,0,1
0.35,0,0,1,0,1,0,0
0.35,0,0,1,0,1,0,0
0.4,0,0,1,0,1,0,0
0.2833333333333333,0,0,1,0,0,0,1
0.3,0,0,1,0,0,0,1
0.35,0,0,1,1,0,0,0
0.31666666666666665,0,0,1,0,0,0,1
0.2833333333333333,0,0,1,0,1,0,0
0.35,0,0,1,0,0,0,1
0.38333333333333336,0,0,1,0,0,1,0
0.35,0,0,1,1,0,0,0
0.3333333333333333,0,0,1,0,0,0,1
1.0,0,1,0,0,1,0,0
0.31666666666666665,0,0,1,1,0,0,0
0.4,0,0,1,1,0,0,0
0.3,0,0,1,0,1,0,0
0.35,0,0,1,0,1,0,0
0.38333333333333336,0,0,1,0,1,0,0
0.3,0,0,1,0,0,1,0
0.3333333333333333,0,0,1,1,0,0,0
0.3333333333333333,0,0,1,0,0,1,0
0.4166666666666667,0,0,1,0,1,0,0
0.3333333333333333,0,0,1,0,0,0,1
0.38333333333333336,0,0,1,0,1,0,0
0.4,0,0,1,0,0,0,1
0.4166666666666667,0,0,1,1,0,0,0
0.38333333333333336,0,0,1,0,0,1,0
0.2833333333333333,0,0,1,0,0,0,1
0.2833333333333333,0,0,1,0,0,1,0
0.36666666666666664,0,0,1,0,1,0,0
0.3333333333333333,0,0,1,0,0,1,0
0.6,0,1,0,1,0,0,0
0.38333333333333336,0,0,1,0,0,0,1
0.31666666666666665,0,0,1,0,1,0,0
0.3,0,0,1,1,0,0,0
0.36666666666666664,0,0,1,0,0,1,0
0.7833333333333333,0,1,0,0,1,0,0
0.4,0,0,1,0,0,0,1
0.31666666666666665,0,0,1,0,0,0,1
0.38333333333333336,0,0,1,1,0,0,0
0.6666666666666666,0,1,0,0,0,0,1
0.4166666666666667,0,0,1,0,0,1,0
0.4166666666666667,0,0,1,0,0,1,0
0.3333333333333333,0,0,1,0,0,1,0
0.4,0,0,1,0,0,1,0
0.3,0,0,1,0,0,0,1
0.2833333333333333,0,0,1,0,1,0,0
0.36666666666666664,0,0,1,1,0,0,0
0.4,0,0,1,1,0,0,0
0.31666666666666665,0,0,1,0,1,0,0
0.4166666666666667,0,0,1,0,0,1,0
0.31666666666666665,0,0,1,0,1,0,0
0.36666666666666664,0,0,1,0,0,0,1
0.38333333333333336,0,0,1,0,0,1,0
0.35,0,0,1,1,0,0,0
0.35,0,0,1,0,0,0,1
0.31666666666666665,0,0,1,0,1,0,0
0.4,0,0,1,0,0,0,1
0.36666666666666664,0,0,1,1,0,0,0
0.9166666666666666,0,1,0,0,0,1,0
0.35,0,0,1,0,1,0,0
0.35,0,0,1,1,0,0,0
0.35,0,0,1,0,1,0,0
0.3333333333333333,0,0,1,0,1,0,0
0.35,0,0,1,0,0,0,1
0.4166666666666667,0,0,1,0,0,1,0
0.3,0,0,1,0,0,1,0
0.36666666666666664,0,0,1,0,0,0,1
0.4166666666666667,0,0,1,0,1,0,0
0.38333333333333336,0,0,1,0,0,1,0
0.8166666666666667,0,1,0,0,0,1,0
0.35,0,0,1,0,0,1,0
0.4166666666666667,0,0,1,0,0,0,1
0.38333333333333336,0,0,1,0,0,0,1
0.3333333333333333,0,0,1,0,0,0,1
0.35,0,0,1,1,0,0,0
0.2833333333333333,0,0,1,0,1,0,0
0.4,0,0,1,0,0,0,1
0.3333333333333333,0,0,1,0,1,0,0
0.31666666666666665,0,0,1,0,1,0,0
0.35,0,0,1,0,0,0,1
0.3333333333333333,0,0,1,0,0,1,0
0.2833333333333333,0,0,1,0,0,1,0
0.4,0,0,1,0,0,0,1
0.3333333333333333,0,0,1,0,1,0,0
0.4,0,0,1,0,0,1,0
0.35,0,0,1,0,1,0,0
0.3333333333333333,0,0,1,0,0,1,0
0.4,0,0,1,0,1,0,0
0.2833333333333333,0,0,1,0,1,0,0
0.4166666666666667,0,0,1,1,0,0,0
0.35,0,0,1,0,1,0,0
0.35,0,0,1,1,0,0,0
0.38333333333333336,0,0,1,1,0,0,0
0.2833333333333333,0,0,1,0,1,0,0
0.38333333333333336,0,0,1,0,1,0,0
0.4166666666666667,0,0,1,0,0,0,1
0.3333333333333333,0,0,1,1,0,0,0
0.38333333333333336,0,0,1,0,0,0,1
0.4166666666666667,0,0,1,0,0,1,0
0.2833333333333333,0,0,1,0,1,0,0
0.2833333333333333,0,0,1,0,1,0,0
0.35,0,0,1,0,0,1,0
0.6,0,1,0,1,0,0,0
0.2833333333333333,0,0,1,0,1,0,0
0.38333333333333336,0,0,1,0,0,1,0
0.4,0,0,1,0,0,1,0
0.4,0,0,1,0,1,0,0
0.4,0,0,1,0,0,1,0
0.3,0,0,1,0,0,1,0
0.3333333333333333,0,0,1,0,0,0,1
0.4166666666666667,0,0,1,0,0,0,1
0.4,0,0,1,0,0,1,0
0.9666666666666667,0,1,0,0,0,0,1
0.8666666666666667,0,1,0,0,0,0,1
0.38333333333333336,0,0,1,0,0,1,0
0.38333333333333336,0,0,1,0,0,1,0
0.31666666666666665,0,0,1,1,0,0,0
0.4,0,0,1,1,0,0,0
0.31666666666666665,0,0,1,0,0,0,1
0.3333333333333333,0,0,1,0,0,1,0
0.4,0,0,1,0,0,1,0
0.3333333333333333,0,0,1,0,0,1,0
0.5,0,1,0,0,1,0,0
0.8333333333333334,0,1,0,0,1,0,0
0.36666666666666664,0,0,1,0,0,0,1
0.36666666666666664,0,0,1,0,0,0,1
0.4166666666666667,0,0,1,0,0,1,0
0.3,0,0,1,0,1,0,0
0.31666666666666665,0,0,1,1,0,0,0
0.4166666666666667,0,0,1,0,1,0,0
0.4166666666666667,0,0,1,0,0,1,0
0.3,0,0,1,0,1,0,0
0.8833333333333333,0,1,0,0,0,0,1
0.3333333333333333,0,0,1,0,0,1,0
0.31666666666666665,0,0,1,0,0,0,1
0.3333333333333333,0,0,1,1,0,0,0
0.4166666666666667,0,0,1,0,0,0,1
0.38333333333333336,0,0,1,0,0,1,0
0.4,0,0,1,0,0,0,1
0.4,0,0,1,0,0,0,1
0.31666666666666665,0,0,1,0,0,0,1
0.7,0,1,0,0,0,1,0
0.35,0,0,1,0,0,0,1
0.3,0,0,1,0,0,1,0
0.2833333333333333,0,0,1,0,0,1,0
0.3,0,0,1,0,0,1,0
0.4,0,0,1,0,0,0,1
0.4166666666666667,0,0,1,0,0,1,0
0.35,0,0,1,1,0,0,0
0.36666666666666664,0,0,1,0,1,0,0
0.4,0,0,1,0,1,0,0
0.8666666666666667,0,1,0,0,1,0,0
0.4166666666666667,0,0,1,0,0,0,1
0.35,0,0,1,1,0,0,0
0.3,0,0,1,0,0,1,0
0.31666666666666665,0,0,1,1,0,0,0
0.31666666666666665,0,0,1,0,0,1,0
0.3,0,0,1,1,0,0,0
0.36666666666666664,0,0,1,1,0,0,0
0.38333333333333336,0,0,1,0,1,0,0
0.3,0,0,1,0,0,0,1
0.3,0,0,1,0,0,1,0
0.4,0,0,1,0,0,1,0
0.31666666666666665,0,0,1,0,0,1,0
0.4166666666666667,0,0,1,0,0,0,1
0.2833333333333333,0,0,1,0,0,1,0
0.31666666666666665,0,0,1,0,1,0,0
0.38333333333333336,0,0,1,1,0,0,0
0.4,0,0,1,1,0,0,0
0.4166666666666667,0,0,1,0,1,0,0
0.3,0,0,1,0,0,1,0
0.3,0,0,1,1,0,0,0
0.35,0,0,1,0,0,0,1
0.4166666666666667,0,0,1,0,0,0,1
0.4166666666666667,0,0,1,0,1,0,0
0.3333333333333333,0,0,1,0,1,0,0
0.3,0,0,1,0,0,0,1
0.5166666666666667,0,1,0,1,0,0,0
0.36666666666666664,0,0,1,0,0,0,1
0.31666666666666665,0,0,1,0,0,1,0
0.36666666666666664,0,0,1,0,0,0,1
0.3,0,0,1,0,0,1,0
0.36666666666666664,0,0,1,0,0,1,0
0.2833333333333333,0,0,1,0,0,0,1
0.3333333333333333,0,0,1,0,0,1,0
0.31666666666666665,0,0,1,1,0,0,0
0.36666666666666664,0,0,1,0,1,0,0
0.3,0,0,1,1,0,0,0
0.31666666666666665,0,0,1,0,1,0,0
0.2833333333333333,0,0,1,0,0,1,0
0.4,0,0,1,0,0,0,1
0.3,0,0,1,0,1,0,0
0.4166666666666667,0,0,1,0,0,1,0
0.3333333333333333,0,0,1,0,0,1,0
0.38333333333333336,0,0,1,0,0,1,0
0.4,0,0,1,0,1,0,0
0.3,0,0,1,0,0,0,1
0.3,0,0,1,1,0,0,0
0.31666666666666665,0,0,1,0,0,0,1
0.36666666666666664,0,0,1,0,0,1,0
0.35,0,0,1,0,0,0,1
0.36666666666666664,0,0,1,0,1,0,0
0.3333333333333333,0,0,1,0,0,0,1
0.9833333333333333,0,1,0,0,1,0,0
0.6833333333333333,0,1,0,0,0,1,0
0.9666666666666667,0,1,0,0,1,0,0
0.3,0,0,1,1,0,0,0
0.38333333333333336,0,0,1,0,1,0,0
0.2833333333333333,0,0,1,1,0,0,0
0.4166666666666667,0,0,1,0,0,0,1
0.6333333333333333,0,1,0,1,0,0,0
0.31666666666666665,0,0,1,1,0,0,0
0.4166666666666667,0,0,1,1,0,0,0
0.4166666666666667,0,0,1,1,0,0,0
0.3333333333333333,0,0,1,0,0,1,0
0.31666666666666665,0,0,1,0,0,1,0
0.4166666666666667,0,0,1,0,0,1,0
0.4166666666666667,0,0,1,0,1,0,0
0.35,0,0,1,0,0,1,0
0.4,0,0,1,0,0,0,1
0.2833333333333333,0,0,1,1,0,0,0
0.38333333333333336,0,0,1,0,0,0,1
0.35,0,0,1,1,0,0,0
0.31666666666666665,0,0,1,1,0,0,0
0.35,0,0,1,1,0,0,0
0.35,0,0,1,0,0,0,1
0.3333333333333333,0,0,1,1,0,0,0
0.3333333333333333,0,0,1,1,0,0,0
0.6833333333333333,0,1,0,0,0,1,0
0.65,0,1,0,0,0,0,1
0.3,0,0,1,0,1,0,0
0.2833333333333333,0,0,1,0,1,0,0
0.36666666666666664,0,0,1,0,0,1,0
0.38333333333333336,0,0,1,1,0,0,0
0.2833333333333333,0,0,1,0,0,0,1
0.3,0,0,1,0,1,0,0
0.36666666666666664,0,0,1,1,0,0,0
0.2833333333333333,0,0,1,0,0,1,0
0.3,0,0,1,1,0,0,0
0.3,0,0,1,0,1,0,0
0.4,0,0,1,1,0,0,0
0.36666666666666664,0,0,1,0,0,1,0
0.2833333333333333,0,0,1,0,1,0,0
0.6,0,1,0,0,0,1,0
0.4,0,0,1,0,1,0,0
0.4166666666666667,0,0,1,1,0,0,0
0.2833333333333333,0,0,1,1,0,0,0
0.2833333333333333,0,0,1,0,1,0,0
0.2833333333333333,0,0,1,1,0,0,0
0.3,0,0,1,0,0,0,1
0.8833333333333333,0,1,0,0,1,0,0
0.4166666666666667,0,0,1,0,0,0,1
0.4,0,0,1,0,0,1,0
0.5,0,1,0,0,0,0,1
0.35,0,0,1,1,0,0,0
0.3333333333333333,0,0,1,0,0,0,1
0.5166666666666667,0,1,0,0,0,0,1
0.4,0,0,1,1,0,0,0
0.38333333333333336,0,0,1,1,0,0,0
0.35,0,0,1,1,0,0,0
0.3333333333333333,0,0,1,0,0,1,0
0.4166666666666667,0,0,1,0,0,1,0
0.4,0,0,1,0,1,0,0
0.7166666666666667,0,1,0,0,0,0,1
0.36666666666666664,0,0,1,0,1,0,0
0.38333333333333336,0,0,1,0,1,0,0
0.4,0,0,1,0,1,0,0
0.2833333333333333,0,0,1,0,0,0,1
0.4166666666666667,0,0,1,1,0,0,0
0.3,0,0,1,0,0,1,0
0.4,0,0,1,0,0,1,0
0.3,0,0,1,0,1,0,0
0.4,0,0,1,0,0,1,0
0.31666666666666665,0,0,1,0,0,0,1
0.36666666666666664,0,0,1,1,0,0,0
0.3,0,0,1,0,1,0,0
0.4166666666666667,0,0,1,0,0,0,1
0.6,0,1,0,0,0,0,1
0.38333333333333336,0,0,1,0,1,0,0
0.9,0,1,0,0,0,1,0
0.38333333333333336,0,0,1,0,0,1,0
0.4,0,0,1,0,1,0,0
0.36666666666666664,0,0,1,0,1,0,0
0.31666666666666665,0,0,1,0,0,0,1
0.35,0,0,1,0,0,1,0
0.35,0,0,1,0,1,0,0
0.3333333333333333,0,0,1,0,1,0,0
0.38333333333333336,0,0,1,0,1,0,0
0.35,0,0,1,0,1,0,0
0.2833333333333333,0,0,1,0,0,1,0
0.3333333333333333,0,0,1,0,0,0,1
0.4,0,0,1,0,1,0,0
0.31666666666666665,0,0,1,0,1,0,0
0.35,0,0,1,1,0,0,0
0.3333333333333333,0,0,1,0,0,1,0
0.2833333333333333,0,0,1,0,1,0,0
0.4166666666666667,0,0,1,0,1,0,0
0.3,0,0,1,0,1,0,0
0.4,0,0,1,0,0,1,0
0.4166666666666667,0,0,1,0,0,0,1
0.4,0,0,1,0,0,0,1
0.4166666666666667,0,0,1,0,0,1,0
0.8666666666666667,0,1,0,1,0,0,0
0.38333333333333336,0,0,1,0,1,0,0
0.4,0,0,1,0,0,1,0
0.36666666666666664,0,0,1,0,0,1,0
0.4166666666666667,0,0,1,1,0,0,0
0.4166666666666667,0,0,1,0,0,0,1
0.3333333333333333,0,0,1,1,0,0,0
0.3,0,0,1,0,0,0,1
0.3333333333333333,0,0,1,0,0,0,1
0.31666666666666665,0,0,1,0,0,1,0
